,ee_layer_name,db_dataset_name,column_name,column_name_normalized,column_data_type,column_name_description,comments,units (to verify)
1,admin_boundary,Admin Boundary,ASSET_2001,asset_2001,,household assets 2001,,NA
2,admin_boundary,Admin Boundary,TOT_M,tot_m,,total male population,,count
3,admin_boundary,Admin Boundary,dist_cen,dist_cen,,district census code,,NA
4,admin_boundary,Admin Boundary,TOT_F,tot_f,,total female population,,count
5,admin_boundary,Admin Boundary,ADI_2019,adi_2019,,Aggregate Development Index (2019),,dimensionless
6,admin_boundary,Admin Boundary,F_SC,f_sc,,SC female population,,count
7,admin_boundary,Admin Boundary,P_ILL,p_ill,,total illiterate population,,count
8,admin_boundary,Admin Boundary,MSW_2011,msw_2011,,Percentage of households in a village with different levels of Main Source of Water 2011,,percent
9,admin_boundary,Admin Boundary,TOT_P,tot_p,,total population,,count
10,admin_boundary,Admin Boundary,ADI_2011,adi_2011,,Aggregate Development Index (2011),,dimensionless
11,admin_boundary,Admin Boundary,MSW_2019,msw_2019,,Percentage of households in a village with different levels of Main Source of Water 2019,,percent
12,admin_boundary,Admin Boundary,P_ST,p_st,,total ST population,,count
13,admin_boundary,Admin Boundary,F_ILL,f_ill,,illiterate female population,,count
14,admin_boundary,Admin Boundary,vill_name,vill_name,,village name,,NA
15,admin_boundary,Admin Boundary,vill_ID,vill_id,,village ID,,NA
16,admin_boundary,Admin Boundary,BF_2011,bf_2011,,Percentage of households in a village with different levels of Bathroom Facility 2011,,percent
17,admin_boundary,Admin Boundary,FC_2001,fc_2001,,Percentage of households in a village with different levels of Fuel of Cooking 2001,,percent
18,admin_boundary,Admin Boundary,F_ST,f_st,,ST female population,,count
19,admin_boundary,Admin Boundary,P_LIT,p_lit,,total literate population,,count
20,admin_boundary,Admin Boundary,state,state,,state name,,NA
21,admin_boundary,Admin Boundary,block_cen,block_cen,,subdistrict census code,,NA
22,admin_boundary,Admin Boundary,ADI_2001,adi_2001,,Aggregate Development Index (2001),,dimensionless
23,admin_boundary,Admin Boundary,BF_2019,bf_2019,,Percentage of households in a village with different levels of Bathroom Facility 2019,,percent
24,admin_boundary,Admin Boundary,No_HH,no_hh,,number of households,,count
25,admin_boundary,Admin Boundary,ASSET_2011,asset_2011,,Percentage of household in a village with different levels of assets 2011,,percent
26,admin_boundary,Admin Boundary,M_SC,m_sc,,SC male population,,count
27,admin_boundary,Admin Boundary,MSW_2001,msw_2001,,Percentage of households in a village with different levels of Main Source of Water 2001,,percent
28,admin_boundary,Admin Boundary,M_LIT,m_lit,,literate male population,,count
29,admin_boundary,Admin Boundary,tehsil,tehsil,,tehsil name,,NA
30,admin_boundary,Admin Boundary,state_cen,state_cen,,state census code,,NA
31,admin_boundary,Admin Boundary,FC_2019,fc_2019,,Percentage of households in a village with different levels of Fuel of Cooking 2019,,percent
32,admin_boundary,Admin Boundary,M_ST,m_st,,ST male population,,count
33,admin_boundary,Admin Boundary,district,district,,district name,,NA
34,admin_boundary,Admin Boundary,F_LIT,f_lit,,literate female population,,count
35,admin_boundary,Admin Boundary,BF_2001,bf_2001,,Percentage of households in a village with different levels of Bathroom Facility 2001,,percent
36,admin_boundary,Admin Boundary,P_SC,p_sc,,total SC population,,count
37,admin_boundary,Admin Boundary,ASSET_2019,asset_2019,,household assets 2019,,count
38,admin_boundary,Admin Boundary,FC_2011,fc_2011,,Percentage of households in a village with different levels of Fuel of Cooking 2011,,percent
39,admin_boundary,Admin Boundary,M_ILL,m_ill,,illiterate male population,,count
40,admin_boundary,Admin Boundary,system:index,system:index,,,,NA
41,aquifer_vector,Aquifer,weighted_contribution,weighted_contribution,,final contributions of each factor after mutiplying by its y_value,,dimensionless
42,aquifer_vector,Aquifer,aquifer_count,aquifer_count,,Count of unique aquifers,,count
43,aquifer_vector,Aquifer,m2_perday,m2_perday,,transmissivity (in m2/day),,m2
44,aquifer_vector,Aquifer,%_area_aquifer,%_area_aquifer,,area of aquifer in percentage,,percent
45,aquifer_vector,Aquifer,mbgl,mbgl,,Fractures encountered (in m bgl),,m
46,aquifer_vector,Aquifer,newcode14,newcode14,,principal aquifer alphabet code,,NA
47,aquifer_vector,Aquifer,yeild__,yield,,specific yield (in %),,dimensionless
48,aquifer_vector,Aquifer,uid,uid,,unique identifier,,NA
49,aquifer_vector,Aquifer,Recommende,recommende,,recommended groundwater management interventions,,NA
50,aquifer_vector,Aquifer,area_in_ha,area_in_ha,,area in hectares,,ha
51,aquifer_vector,Aquifer,id,id,,id,,NA
52,aquifer_vector,Aquifer,state,state,,state name ,,NA
53,aquifer_vector,Aquifer,m3_per_day,m3_per_day,,Yield (in m3/day),,m3/day
54,aquifer_vector,Aquifer,Age,age,,age of lithology,,NA
55,aquifer_vector,Aquifer,Major_Aq_1,major_aq_1,,major aquifer 1,,NA
56,aquifer_vector,Aquifer,aquifer_class,aquifer_class,,aquifer class ,,NA
57,aquifer_vector,Aquifer,area_re,area_re,,area in km2,,km2
58,aquifer_vector,Aquifer,test,test,,codes identifying aquifer/lithology test units,,NA
59,aquifer_vector,Aquifer,zone_m,zone_m,,thickness of weathered zone (in m),,m
60,aquifer_vector,Aquifer,avg_mbgl,avg_mbgl,,decadal average depth (in meters below ground level),,m
61,aquifer_vector,Aquifer,pa_order,pa_order,,principal aquifer numeric code,,NA
62,aquifer_vector,Aquifer,per_cm,per_cm,,Quality (EC in Micromhos/cm),,uS/cm
63,aquifer_vector,Aquifer,Principal_,principal_aquifer_name,,principal aquifer system name,,NA
64,aquifer_vector,Aquifer,intersection_area_ha,intersection_area_ha,,area of intersection under aquifer,,ha
65,aquifer_vector,Aquifer,y_value,y_value,,base weights assigned to each criteria in aquifer assessment,,dimensionless
66,aquifer_vector,Aquifer,newcode43,newcode43,,major aquifer code,,NA
67,aquifer_vector,Aquifer,Lithology_,lithology_,,lithology type,,NA
68,aquifer_vector,Aquifer,system,system,,,,NA
69,aquifer_vector,Aquifer,Major_Aqui,major_aqui,,major aquifer,,NA
70,aquifer_vector,Aquifer,objectid,objectid,,,,NA
71,aquifer_vector,Aquifer,system:index,system:index,,,,NA
72,drainage_lines,Drainage,end_node,end_node,,unique identifier for the downstream point of drainage lines,,NA
73,drainage_lines,Drainage,ORDER,order,,Strahler order of stream within a network,,NA
74,drainage_lines,Drainage,stream_typ,stream_typ,,stream type: start or intermediate,,NA
75,drainage_lines,Drainage,start_node,start_node,,unique identifier for the upstream point of drainage lines,,NA
76,drainage_lines,Drainage,cat,cat,,category for drainage feature ,,NA
77,drainage_lines,Drainage,id,id,,id,,NA
78,drainage_lines,Drainage,system:index,system:index,,,,NA
79,drainage_lines,Drainage,type_code,type_code,,"code to classify the type of drainage feature: 
start=0, intermediate=1",,NA
80,drainage_lines,Drainage,network,network,,,,NA
81,swb3,Surface Water Bodies,no_town_cities_benefited,no_town_cities_benefited,,number of town/cities benefited from water body,,count
82,swb3,Surface Water Bodies,area_21-22,area_21-22,,area of surface water (in hectares) in 2021-2022,,ha
83,swb3,Surface Water Bodies,census_id,census_id,,census id,,NA
84,swb3,Surface Water Bodies,k_19-20,k_19-20,,percentage of water availability in kharif season of agriculture year 2019-2020,,percent
85,swb3,Surface Water Bodies,ismissing,ismissing,,indicates if the record has missing data,,boolean
86,swb3,Surface Water Bodies,filled_up_storage_space_name,filled_up_storage_space_name,,"description if the storage area has been filled up: Usually filled up, Never filled up, Rarely filled up, Filled up every year",,year
87,swb3,Surface Water Bodies,kr_22-23,kr_22-23,,percentage of water availability in kharif and rabi season of agriculture year 2022-2023,,percent
88,swb3,Surface Water Bodies,renovation_cost,renovation_cost,,cost incurred for renovation,,INR
89,swb3,Surface Water Bodies,krz_23-24,krz_23-24,,"percentage of water availability in kharif, rabi and zaid season of agriculture year 2023-2024",,percent
90,swb3,Surface Water Bodies,extent_of_area_covered_by_wua,extent_of_area_covered_by_wua,,area under the coverage of a water user association,,ha
91,swb3,Surface Water Bodies,ref_selection_id_encroachment_assessed_name,ref_selection_id_encroachment_assessed_name,,,,NA
92,swb3,Surface Water Bodies,si_no_of_water_body_within_village_town,si_no_of_water_body_within_village_town,,serial number of water body within a village/town,,count
93,swb3,Surface Water Bodies,k_21-22,k_21-22,,percentage of water availability in kharif season of agriculture year 2021-2022,,percent
94,swb3,Surface Water Bodies,area_18-19,area_18-19,,area of surface water (in hectares) in 2018-2019,,ha
95,swb3,Surface Water Bodies,basin_name,basin_name,,basin name,,NA
96,swb3,Surface Water Bodies,sub_basin_name,sub_basin_name,,sub basin name ,,NA
97,swb3,Surface Water Bodies,area_19-20,area_19-20,,area of surface water (in hectares) in 2019-2020,,ha
98,swb3,Surface Water Bodies,k_18-19,k_18-19,,percentage of water availability in kharif season of agriculture year 2018-2019,,percent
99,swb3,Surface Water Bodies,ref_water_body_type_id_name,ref_water_body_type_id_name,,"type of water body: Pond, lake, etc",,NA
100,swb3,Surface Water Bodies,nature_of_storage,nature_of_storage,,nature of storage,,NA
101,swb3,Surface Water Bodies,longitude_dec,longitude_dec,,longitude of the water body (decimal degrees),,degrees
102,swb3,Surface Water Bodies,water_body_name,water_body_name,,water body name,,NA
103,swb3,Surface Water Bodies,unique_id,unique_id,,unique id,,NA
104,swb3,Surface Water Bodies,kr_19-20,kr_19-20,,percentage of water availability in kharif and rabi season of agriculture year 2019-2020,,percent
105,swb3,Surface Water Bodies,renovation_year,renovation_year,,year of renovation ,,year
106,swb3,Surface Water Bodies,MWS_UID,mws_uid,,micro water shed unique identifier,,NA
107,swb3,Surface Water Bodies,storage_capacity_water_body_present,storage_capacity_water_body_present,,current storage capacity of water body,,m3
108,swb3,Surface Water Bodies,no_villages_benefited,no_villages_benefited,,number of villages benefited from water body,,count
109,swb3,Surface Water Bodies,ref_selection_id_wua_exists_name,ref_selection_id_wua_exists_name,,"existence of a water user association: Yes, No, Not Known",,boolean
110,swb3,Surface Water Bodies,water_body_loc_name,water_body_loc_name,,water body location name ,,NA
111,swb3,Surface Water Bodies,scheme_status_reason_name,scheme_status_reason_name,,"status of water body: Salinity, Impact of industrial effluents, Dried up etc.",,NA
112,swb3,Surface Water Bodies,water,water,,flags whether water exist or not ,,boolean
113,swb3,Surface Water Bodies,kr_21-22,kr_21-22,,percentage of water availability in kharif and rabi season of agriculture year 2021-2022,,percent
114,swb3,Surface Water Bodies,rural_or_urban,rural_or_urban,,waterbody located in rural or urban,,NA
115,swb3,Surface Water Bodies,area_20-21,area_20-21,,area of surface water (in hectares) in 2020-2021,,ha
116,swb3,Surface Water Bodies,krz_22-23,krz_22-23,,"percentage of water availability in kharif, rabi and zaid season of agriculture year 2022-2023",,percent
117,swb3,Surface Water Bodies,ref_water_body_in_use_id_name,ref_water_body_in_use_id_name,,"current use status: true, false",,NA
118,swb3,Surface Water Bodies,ref_selection_id_dip_sip_exists_name,ref_selection_id_dip_sip_exists_name,,,,boolean
119,swb3,Surface Water Bodies,UID,uid,,unique identifier,,NA
120,swb3,Surface Water Bodies,storage_capacity_water_body_original,storage_capacity_water_body_original,,original designed storage capacity of waterbody,,m3
121,swb3,Surface Water Bodies,Block/Tehsil Name,block/tehsil name,,tehsil/block  name ,,NA
122,swb3,Surface Water Bodies,area_17-18,area_17-18,,area of surface water (in hectares) in 2017-2018,,ha
123,swb3,Surface Water Bodies,k_22-23,k_22-23,,percentage of water availability in kharif season of agriculture year 2022-2023,,percent
124,swb3,Surface Water Bodies,krz_19-20,krz_19-20,,"percentage of water availability in kharif, rabi and zaid season of agriculture year 2019-2020",,percent
125,swb3,Surface Water Bodies,Village Name,village name,,village name ,,NA
126,swb3,Surface Water Bodies,ref_water_body_under_repair_renovation_restoration_id_name,ref_water_body_under_repair_renovation_restoration_id_name,,,,percent
127,swb3,Surface Water Bodies,filled_up_storage_name,filled_up_storage_name,,"whether the storage is filled up: Full, Upto 3/4, Upto 1/4, Upto 1/2",,NA
128,swb3,Surface Water Bodies,District Name,district name,,district name,,NA
129,swb3,Surface Water Bodies,kr_18-19,kr_18-19,,percentage of water availability in kharif and rabi season of agriculture year 2018-2019,,percent
130,swb3,Surface Water Bodies,latitude_dec,latitude_dec,,latitude of the water body (decimal degrees),,degrees
131,swb3,Surface Water Bodies,construcion_year,construcion_year,,year of construction ,,year
132,swb3,Surface Water Bodies,max_depth_water_body_fully_filled,max_depth_water_body_fully_filled,,maximum depth of water body when fully filled,,m
133,swb3,Surface Water Bodies,water_body_ownership_name,water_body_ownership_name,,"ownership category: Panchayat, Other govt.agency, etc.",,NA
134,swb3,Surface Water Bodies,kr_20-21,kr_20-21,,percentage of water availability in kharif and rabi season of agriculture year 2020-2021,,percent
135,swb3,Surface Water Bodies,State Name,state name,,state name,,NA
136,swb3,Surface Water Bodies,khasra_number,khasra_number,,khasra number,,NA
137,swb3,Surface Water Bodies,krz_18-19,krz_18-19,,"percentage of water availability in kharif, rabi and zaid season of agriculture year 2018-2019",,percent
138,swb3,Surface Water Bodies,area_23-24,area_23-24,,area of surface water (in hectares) in 2023-2024,,ha
139,swb3,Surface Water Bodies,water_spread_area_of_water_body,water_spread_area_of_water_body,,area of water spread (in hectares),,ha
140,swb3,Surface Water Bodies,area_ored,area_ored,,surveyed water body area ,,ha
141,swb3,Surface Water Bodies,krz_21-22,krz_21-22,,"percentage of water availability in kharif, rabi and zaid season of agriculture year 2021-2022",,percent
142,swb3,Surface Water Bodies,number_of_wua_formed,number_of_wua_formed,,number of water user associations formed,,count
143,swb3,Surface Water Bodies,ref_selection_id_water_body_encroached_name,ref_selection_id_water_body_encroached_name,,,,NA
144,swb3,Surface Water Bodies,ward_name,ward_name,,ward name ,,NA
145,swb3,Surface Water Bodies,k_23-24,k_23-24,,percentage of water availability in kharif season of agriculture year 2023-2024,,percent
146,swb3,Surface Water Bodies,water_body_nature_name,water_body_nature_name,,"nature of water body: Natural, Man-made",,NA
147,swb3,Surface Water Bodies,no_people_benefited_by_water_body,no_people_benefited_by_water_body,,number of people benefitted from water body,,count
148,swb3,Surface Water Bodies,kr_17-18,kr_17-18,,percentage of water availability in kharif and rabi season of agriculture year 2017-2018,,percent
149,swb3,Surface Water Bodies,manmade_water_body_type_name,manmade_water_body_type_name,,man made water body type name,,NA
150,swb3,Surface Water Bodies,category_sq_m,category_sq_m,,"size category in sq_m: 5000+, 1000-5000, 500-1000, 0-500",,m2
151,swb3,Surface Water Bodies,krz_17-18,krz_17-18,,"percentage of water availability in kharif, rabi and zaid season of agriculture year 2017-2018",,percent
152,swb3,Surface Water Bodies,reason_water_body_in_use_name2,reason_water_body_in_use_name2,,"secondary reason for use: Recreation, Religious, Pisciculture, Ground water recharge, Other",,NA
153,swb3,Surface Water Bodies,area_22-23,area_22-23,,area of surface water (in hectares) in 2022-2023,,ha
154,swb3,Surface Water Bodies,construction_cost,construction_cost,,construction cost,,INR
155,swb3,Surface Water Bodies,any,any,,,,NA
156,swb3,Surface Water Bodies,kr_23-24,kr_23-24,,percentage of water availability in kharif and rabi season of agriculture year 2023-2024,,percent
157,swb3,Surface Water Bodies,krz_20-21,krz_20-21,,"percentage of water availability in kharif, rabi and zaid season of agriculture year 2020-2021",,percent
158,swb3,Surface Water Bodies,ref_reason_water_body_in_use_id1_name,ref_reason_water_body_in_use_id1_name,,"primary reason for use: Recreation, Religious, Pisciculture, Ground water recharge, Other",,NA
159,swb3,Surface Water Bodies,scheme_under_revival_is_done,scheme_under_revival_is_done,,,,boolean
160,swb3,Surface Water Bodies,k_20-21,k_20-21,,percentage of water availability in kharif season of agriculture year 2020-2021,,percent
161,swb3,Surface Water Bodies,k_17-18,k_17-18,,percentage of water availability in kharif season of agriculture year 2017-2018,,percent
162,swb3,Surface Water Bodies,reason_water_body_in_use_name3,reason_water_body_in_use_name3,,"third reason for use: Other, Ground water recharge, Irrigation, Pisciculture, Recreation, Religious, Industrial",,NA
163,swb3,Surface Water Bodies,town_municipalty_name,town_municipalty_name,,town municipality name ,,count
164,swb3,Surface Water Bodies,system:index,system:index,,,,NA
165,swb2,Surface Water Bodies,MWS_UID,MWS_UID,,micro water shed unique identifier,,NA
166,swb2,Surface Water Bodies,UID,UID,,unique identifier,,NA
167,swb2,Surface Water Bodies,any,any,,,,NA
168,swb2,Surface Water Bodies,area_17-18,area_17-18,,area of surface water (in hectares) in 2017-2018,,ha
169,swb2,Surface Water Bodies,area_18-19,area_18-19,,area of surface water (in hectares) in 2018-2019,,ha
170,swb2,Surface Water Bodies,area_19-20,area_19-20,,area of surface water (in hectares) in 2019-2020,,ha
171,swb2,Surface Water Bodies,area_20-21,area_20-21,,area of surface water (in hectares) in 2020-2021,,ha
172,swb2,Surface Water Bodies,area_21-22,area_21-22,,area of surface water (in hectares) in 2021-2022,,ha
173,swb2,Surface Water Bodies,area_22-23,area_22-23,,area of surface water (in hectares) in 2022-2023,,ha
174,swb2,Surface Water Bodies,area_23-24,area_23-24,,area of surface water (in hectares) in 2023-2024,,ha
175,swb2,Surface Water Bodies,area_ored,area_ored,,surveyed water body area ,,ha
176,swb2,Surface Water Bodies,category_sq_m,category_sq_m,,"size category in sq_m: 5000+, 1000-5000, 500-1000, 0-500",,m2
177,swb2,Surface Water Bodies,k_17-18,k_17-18,,percentage of water availability in kharif season of agriculture year 2017-2018,,percent
178,swb2,Surface Water Bodies,k_18-19,k_18-19,,percentage of water availability in kharif season of agriculture year 2018-2019,,percent
179,swb2,Surface Water Bodies,k_19-20,k_19-20,,percentage of water availability in kharif season of agriculture year 2019-2020,,percent
180,swb2,Surface Water Bodies,k_20-21,k_20-21,,percentage of water availability in kharif season of agriculture year 2020-2021,,percent
181,swb2,Surface Water Bodies,k_21-22,k_21-22,,percentage of water availability in kharif season of agriculture year 2021-2022,,percent
182,swb2,Surface Water Bodies,k_22-23,k_22-23,,percentage of water availability in kharif season of agriculture year 2022-2023,,percent
183,swb2,Surface Water Bodies,k_23-24,k_23-24,,percentage of water availability in kharif season of agriculture year 2023-2024,,percent
184,swb2,Surface Water Bodies,kr_17-18,kr_17-18,,percentage of water availability in kharif and rabi season of agriculture year 2017-2018,,percent
185,swb2,Surface Water Bodies,kr_18-19,kr_18-19,,percentage of water availability in kharif and rabi season of agriculture year 2018-2019,,percent
186,swb2,Surface Water Bodies,kr_19-20,kr_19-20,,percentage of water availability in kharif and rabi season of agriculture year 2019-2020,,percent
187,swb2,Surface Water Bodies,kr_20-21,kr_20-21,,percentage of water availability in kharif and rabi season of agriculture year 2020-2021,,percent
188,swb2,Surface Water Bodies,kr_21-22,kr_21-22,,percentage of water availability in kharif and rabi season of agriculture year 2021-2022,,percent
189,swb2,Surface Water Bodies,kr_22-23,kr_22-23,,percentage of water availability in kharif and rabi season of agriculture year 2022-2023,,percent
190,swb2,Surface Water Bodies,kr_23-24,kr_23-24,,percentage of water availability in kharif and rabi season of agriculture year 2023-2024,,percent
191,swb2,Surface Water Bodies,krz_17-18,krz_17-18,,"percentage of water availability in kharif, rabi and zaid season of agriculture year 2017-2018",,percent
192,swb2,Surface Water Bodies,krz_18-19,krz_18-19,,"percentage of water availability in kharif, rabi and zaid season of agriculture year 2018-2019",,percent
193,swb2,Surface Water Bodies,krz_19-20,krz_19-20,,"percentage of water availability in kharif, rabi and zaid season of agriculture year 2019-2020",,percent
194,swb2,Surface Water Bodies,krz_20-21,krz_20-21,,"percentage of water availability in kharif, rabi and zaid season of agriculture year 2020-2021",,percent
195,swb2,Surface Water Bodies,krz_21-22,krz_21-22,,"percentage of water availability in kharif, rabi and zaid season of agriculture year 2021-2022",,percent
196,swb2,Surface Water Bodies,krz_22-23,krz_22-23,,"percentage of water availability in kharif, rabi and zaid season of agriculture year 2022-2023",,percent
197,swb2,Surface Water Bodies,krz_23-24,krz_23-24,,"percentage of water availability in kharif, rabi and zaid season of agriculture year 2023-2024",,percent
198,swb2,Surface Water Bodies,water,water,,flags whether water exist or not ,,boolean
199,change_vector_Afforestation,Change Detection Vector,uid,uid,,unique identifier,,NA
200,change_vector_Afforestation,Change Detection Vector,area_in_ha,area_in_ha,,area in hectares identified as Tree Cover Gain,,ha
201,change_vector_Afforestation,Change Detection Vector,fa_fo,fa_fo,,Crops to Trees,,ha
202,change_vector_Afforestation,Change Detection Vector,total_aff,total_aff,,total tree cover gain,,ha
203,change_vector_Afforestation,Change Detection Vector,sc_fo,sc_fo,,Shrubs and Scrubs to Trees ,,ha
204,change_vector_Afforestation,Change Detection Vector,ba_fo,ba_fo,,Barren land to Trees,,ha
205,change_vector_Afforestation,Change Detection Vector,id,id,,id,,NA
206,change_vector_Afforestation,Change Detection Vector,bu_fo,bu_fo,,Built Up to Trees,,ha
207,change_vector_Afforestation,Change Detection Vector,fo_fo,fo_fo,,Trees to Trees,,ha
208,change_vector_Afforestation,Change Detection Vector,system:index,system:index,,,,NA
209,change_vector_CropIntensity,Change Detection Vector,tr_si,tr_si,,Tripple/annual/perennial Cropping to Single Cropping,,ha
210,change_vector_CropIntensity,Change Detection Vector,si_do,si_do,,Single Cropping to Double Cropping ,,ha
211,change_vector_CropIntensity,Change Detection Vector,uid,uid,,unique identifier,,NA
212,change_vector_CropIntensity,Change Detection Vector,si_tr,si_tr,,Single Cropping to Tripple/annual/perennial Cropping ,,ha
213,change_vector_CropIntensity,Change Detection Vector,same,same,,classification remains same during analysis,,ha
214,change_vector_CropIntensity,Change Detection Vector,area_in_ha,area_in_ha,,area in hectares identified for analysis,,ha
215,change_vector_CropIntensity,Change Detection Vector,do_tr,do_tr,,Double Cropping to Tripple/annual/perennial Cropping ,,ha
216,change_vector_CropIntensity,Change Detection Vector,total_change,total_change,,total change in cropping intensity,,ha
217,change_vector_CropIntensity,Change Detection Vector,tr_do,tr_do,,Tripple/annual/perennial Cropping to Double Cropping,,ha
218,change_vector_CropIntensity,Change Detection Vector,id,id,,id,,NA
219,change_vector_CropIntensity,Change Detection Vector,system:index,system:index,,,,NA
220,change_vector_CropIntensity,Change Detection Vector,do_si,do_si,,Double Cropping to Single Cropping,,ha
221,change_vector_Deforestation,Change Detection Vector,fo_fa,fo_fa,,Trees to Crops,,ha
222,change_vector_Deforestation,Change Detection Vector,uid,uid,,unique identifier,,NA
223,change_vector_Deforestation,Change Detection Vector,fo_ba,fo_ba,,Trees to Barren ,,ha
224,change_vector_Deforestation,Change Detection Vector,total_def,total_def,,total tree cover loss,,ha
225,change_vector_Deforestation,Change Detection Vector,area_in_ha,area_in_ha,,area in hectares identified as tree cover loss,,ha
226,change_vector_Deforestation,Change Detection Vector,fo_sc,fo_sc,,Trees to Shrubs and Scrubs,,ha
227,change_vector_Deforestation,Change Detection Vector,fo_bu,fo_bu,,Trees to Built Up,,ha
228,change_vector_Deforestation,Change Detection Vector,id,id,,id,,NA
229,change_vector_Deforestation,Change Detection Vector,fo_fo,fo_fo,,Trees to Trees,,ha
230,change_vector_Deforestation,Change Detection Vector,system:index,system:index,,,,NA
231,change_vector_Degradation,Change Detection Vector,uid,uid,,unique identifier,,NA
232,change_vector_Degradation,Change Detection Vector,f_bu,f_bu,,Crops to Built Up,,ha
233,change_vector_Degradation,Change Detection Vector,f_sc,f_sc,,Crops to Shrubs and Scrubs,,ha
234,change_vector_Degradation,Change Detection Vector,area_in_ha,area_in_ha,,area in hectares which is idenitified as Cropping reduction,,ha
235,change_vector_Degradation,Change Detection Vector,total_deg,total_deg,,total cropping reduction,,ha
236,change_vector_Degradation,Change Detection Vector,f_ba,f_ba,,Crops to Barren,,ha
237,change_vector_Degradation,Change Detection Vector,id,id,,id,,NA
238,change_vector_Degradation,Change Detection Vector,f_f,f_f,,Crops to Crops,,ha
239,change_vector_Degradation,Change Detection Vector,system:index,system:index,,,,NA
240,change_vector_Urbanization,Change Detection Vector,uid,uid,,unique identifier,,NA
241,change_vector_Urbanization,Change Detection Vector,tr_bu,tr_bu,,Trees/Crops to Built Up,,ha
242,change_vector_Urbanization,Change Detection Vector,bu_bu,bu_bu,,Built Up to Built Up,,ha
243,change_vector_Urbanization,Change Detection Vector,total_urb,total_urb,,total urbanization (hectares),,ha
244,change_vector_Urbanization,Change Detection Vector,area_in_ha,area_in_ha,,area in hectares identifed as urbanized,,ha
245,change_vector_Urbanization,Change Detection Vector,id,id,,id,,NA
246,change_vector_Urbanization,Change Detection Vector,w_bu,w_bu,,Water to Built Up,,ha
247,change_vector_Urbanization,Change Detection Vector,b_bu,b_bu,,Barren/Shrubs and Scrubs to Built Up,,ha
248,change_vector_Urbanization,Change Detection Vector,system:index,system:index,,,,NA
249,cropping_intensity_2017-23,Cropping Intensity,single_cropped_area_2018,single_cropped_area_2018,,single cropped area for 2018,,ha
250,cropping_intensity_2017-23,Cropping Intensity,total_cropable_area_ever_hydroyear_2017_2023,total_cropable_area_ever_hydroyear_2017_2023,,total area identified suitable for cropping at least once during the specified period (hydroyears 2017 to 2023),,ha
251,cropping_intensity_2017-23,Cropping Intensity,single_cropped_area_2019,single_cropped_area_2019,,single cropped area for 2019,,ha
252,cropping_intensity_2017-23,Cropping Intensity,single_kharif_cropped_area_2019,single_kharif_cropped_area_2019,,single kharif cropped area for 2019 ,,ha
253,cropping_intensity_2017-23,Cropping Intensity,single_kharif_cropped_area_2018,single_kharif_cropped_area_2018,,single kharif cropped area for 2018,,ha
254,cropping_intensity_2017-23,Cropping Intensity,single_kharif_cropped_area_2017,single_kharif_cropped_area_2017,,single kharif cropped area for 2017,,ha
255,cropping_intensity_2017-23,Cropping Intensity,sum,sum,,total cropped area in hectares,,ha
256,cropping_intensity_2017-23,Cropping Intensity,triply_cropped_area_2022,triply_cropped_area_2022,,tripple cropped crea for 2022,,ha
257,cropping_intensity_2017-23,Cropping Intensity,doubly_cropped_area_2018,doubly_cropped_area_2018,,double cropped area for 2018,,ha
258,cropping_intensity_2017-23,Cropping Intensity,triply_cropped_area_2021,triply_cropped_area_2021,,tripple/annual/perennial cropping area for 2021,,ha
259,cropping_intensity_2017-23,Cropping Intensity,doubly_cropped_area_2017,doubly_cropped_area_2017,,double cropped area for 2017,,ha
260,cropping_intensity_2017-23,Cropping Intensity,uid,uid,,unique identifier,,NA
261,cropping_intensity_2017-23,Cropping Intensity,triply_cropped_area_2020,triply_cropped_area_2020,,tripple cropped crea for 2020,,ha
262,cropping_intensity_2017-23,Cropping Intensity,single_non_kharif_cropped_area_2020,single_non_kharif_cropped_area_2020,,single non kharif cropped area for 2020,,ha
263,cropping_intensity_2017-23,Cropping Intensity,doubly_cropped_area_2019,doubly_cropped_area_2019,,double cropped area for 2019,,ha
264,cropping_intensity_2017-23,Cropping Intensity,cropping_intensity_2019,cropping_intensity_2019,,cropping intensity for 2019,,dimensionless
265,cropping_intensity_2017-23,Cropping Intensity,single_non_kharif_cropped_area_2022,single_non_kharif_cropped_area_2022,,single non kharif cropped area for 2022,,ha
266,cropping_intensity_2017-23,Cropping Intensity,cropping_intensity_2018,cropping_intensity_2018,,cropping intensity for 2018,,dimensionless
267,cropping_intensity_2017-23,Cropping Intensity,single_non_kharif_cropped_area_2021,single_non_kharif_cropped_area_2021,,single non kharif cropped area for 2021,,ha
268,cropping_intensity_2017-23,Cropping Intensity,cropping_intensity_2017,cropping_intensity_2017,,cropping intensity for 2017,,dimensionless
269,cropping_intensity_2017-23,Cropping Intensity,area_in_ha,area_in_ha,,area in hectares idenfied for analysis,,ha
270,cropping_intensity_2017-23,Cropping Intensity,single_cropped_area_2020,single_cropped_area_2020,,single cropped area for 2020,,ha
271,cropping_intensity_2017-23,Cropping Intensity,triply_cropped_area_2023,triply_cropped_area_2023,,tripple cropped crea for 2023,,ha
272,cropping_intensity_2017-23,Cropping Intensity,single_non_kharif_cropped_area_2023,single_non_kharif_cropped_area_2023,,single non kharif cropped area for 2023,,ha
273,cropping_intensity_2017-23,Cropping Intensity,single_cropped_area_2021,single_cropped_area_2021,,single cropped area for 2021,,ha
274,cropping_intensity_2017-23,Cropping Intensity,single_cropped_area_2022,single_cropped_area_2022,,single cropped area for 2022,,ha
275,cropping_intensity_2017-23,Cropping Intensity,single_cropped_area_2023,single_cropped_area_2023,,single cropped area for 2023,,ha
276,cropping_intensity_2017-23,Cropping Intensity,id,id,,id,,NA
277,cropping_intensity_2017-23,Cropping Intensity,single_kharif_cropped_area_2023,single_kharif_cropped_area_2023,,single kharif cropped area for 2023,,ha
278,cropping_intensity_2017-23,Cropping Intensity,single_kharif_cropped_area_2022,single_kharif_cropped_area_2022,,single kharif cropped area for 2022,,ha
279,cropping_intensity_2017-23,Cropping Intensity,single_kharif_cropped_area_2021,single_kharif_cropped_area_2021,,single kharif cropped area for 2021,,ha
280,cropping_intensity_2017-23,Cropping Intensity,single_kharif_cropped_area_2020,single_kharif_cropped_area_2020,,single kharif cropped area for 2020,,ha
281,cropping_intensity_2017-23,Cropping Intensity,cropping_intensity_2023,cropping_intensity_2023,,cropping intensity for 2023,,dimensionless
282,cropping_intensity_2017-23,Cropping Intensity,triply_cropped_area_2019,triply_cropped_area_2019,,tripple cropped crea for 2019,,ha
283,cropping_intensity_2017-23,Cropping Intensity,doubly_cropped_area_2021,doubly_cropped_area_2021,,double cropped area for 2021,,ha
284,cropping_intensity_2017-23,Cropping Intensity,triply_cropped_area_2018,triply_cropped_area_2018,,tripple cropped crea for 2018,,ha
285,cropping_intensity_2017-23,Cropping Intensity,doubly_cropped_area_2020,doubly_cropped_area_2020,,double cropped area for 2020,,ha
286,cropping_intensity_2017-23,Cropping Intensity,triply_cropped_area_2017,triply_cropped_area_2017,,tripple cropped crea for 2017,,ha
287,cropping_intensity_2017-23,Cropping Intensity,doubly_cropped_area_2023,doubly_cropped_area_2023,,double cropped area for 2023,,ha
288,cropping_intensity_2017-23,Cropping Intensity,single_non_kharif_cropped_area_2017,single_non_kharif_cropped_area_2017,,single non kharif cropped area for 2017,,ha
289,cropping_intensity_2017-23,Cropping Intensity,doubly_cropped_area_2022,doubly_cropped_area_2022,,double cropped area for 2022,,ha
290,cropping_intensity_2017-23,Cropping Intensity,cropping_intensity_2022,cropping_intensity_2022,,cropping intensity for 2022,,dimensionless
291,cropping_intensity_2017-23,Cropping Intensity,single_non_kharif_cropped_area_2019,single_non_kharif_cropped_area_2019,,single non kharif cropped area for 2019,,ha
292,cropping_intensity_2017-23,Cropping Intensity,cropping_intensity_2021,cropping_intensity_2021,,cropping intensity for 2021,,dimensionless
293,cropping_intensity_2017-23,Cropping Intensity,single_non_kharif_cropped_area_2018,single_non_kharif_cropped_area_2018,,single non kharif cropped area for 2018,,ha
294,cropping_intensity_2017-23,Cropping Intensity,cropping_intensity_2020,cropping_intensity_2020,,cropping intensity for 2020,,dimensionless
295,cropping_intensity_2017-23,Cropping Intensity,system:index,system:index,,,,NA
296,cropping_intensity_2017-23,Cropping Intensity,single_cropped_area_2017,single_cropped_area_2017,,single cropped area for 2017,,ha
297,drought_2017_2022,Drought,rd21-6-26,rd21-6-26,,rainfall deviation ,,percent
298,drought_2017_2022,Drought,rd20-9-4,rd20-9-4,,rainfall deviation ,,percent
299,drought_2017_2022,Drought,rd17-6-4,rd17-6-4,,rainfall deviation ,,percent
300,drought_2017_2022,Drought,rd18-6-20,rd18-6-20,,rainfall deviation ,,percent
301,drought_2017_2022,Drought,rd21-7-3,rd21-7-3,,rainfall deviation ,,percent
302,drought_2017_2022,Drought,rd20-9-11,rd20-9-11,,rainfall deviation ,,percent
303,drought_2017_2022,Drought,rd18-6-27,rd18-6-27,,rainfall deviation ,,percent
304,drought_2017_2022,Drought,rd17-10-29,rd17-10-29,,rainfall deviation ,,percent
305,drought_2017_2022,Drought,frth3_2019,frth3_2019,,frequency of drought for 2019 at threshold 3,,weeks
306,drought_2017_2022,Drought,frth3_2017,frth3_2017,,frequency of drought for 2017 at threshold 3,,weeks
307,drought_2017_2022,Drought,rd19-9-18,rd19-9-18,,rainfall deviation ,,percent
308,drought_2017_2022,Drought,frth3_2018,frth3_2018,,frequency of drought for 2018 at threshold 3,,weeks
309,drought_2017_2022,Drought,kh_cr_2020,kh_cr_2020,,kharif cropped sqkm for 2020,,km2
310,drought_2017_2022,Drought,kh_cr_2021,kh_cr_2021,,kharif cropped sqkm for 2021,,km2
311,drought_2017_2022,Drought,rd20-9-18,rd20-9-18,,rainfall deviation ,,percent
312,drought_2017_2022,Drought,kh_cr_2022,kh_cr_2022,,kharif cropped sqkm for 2022,,km2
313,drought_2017_2022,Drought,rd19-9-11,rd19-9-11,,rainfall deviation ,,percent
314,drought_2017_2022,Drought,rd22-9-25,rd22-9-25,,rainfall deviation ,,percent
315,drought_2017_2022,Drought,rd17-8-27,rd17-8-27,,rainfall deviation ,,percent
316,drought_2017_2022,Drought,kh_cr_2017,kh_cr_2017,,kharif cropped sqkm for 2017,,km2
317,drought_2017_2022,Drought,rd20-10-2,rd20-10-2,,rainfall deviation ,,percent
318,drought_2017_2022,Drought,kh_cr_2018,kh_cr_2018,,kharif cropped sqkm for 2018,,km2
319,drought_2017_2022,Drought,rd19-9-4,rd19-9-4,,rainfall deviation ,,percent
320,drought_2017_2022,Drought,kh_cr_2019,kh_cr_2019,,kharif cropped sqkm for 2019,,km2
321,drought_2017_2022,Drought,rd17-8-20,rd17-8-20,,rainfall deviation ,,percent
322,drought_2017_2022,Drought,rd20-10-9,rd20-10-9,,rainfall deviation ,,percent
323,drought_2017_2022,Drought,rd18-6-13,rd18-6-13,,rainfall deviation ,,percent
324,drought_2017_2022,Drought,rd19-9-25,rd19-9-25,,rainfall deviation ,,percent
325,drought_2017_2022,Drought,rd17-10-1,rd17-10-1,,rainfall deviation ,,percent
326,drought_2017_2022,Drought,rd17-10-8,rd17-10-8,,rainfall deviation ,,percent
327,drought_2017_2022,Drought,rd17-7-9,rd17-7-9,,rainfall deviation ,,percent
328,drought_2017_2022,Drought,rd19-10-2,rd19-10-2,,rainfall deviation ,,percent
329,drought_2017_2022,Drought,rd17-8-13,rd17-8-13,,rainfall deviation ,,percent
330,drought_2017_2022,Drought,rd21-7-10,rd21-7-10,,rainfall deviation ,,percent
331,drought_2017_2022,Drought,frth1_2019,frth1_2019,,frequency of drought for 2019 at threshold 1,,weeks
332,drought_2017_2022,Drought,rd21-8-7,rd21-8-7,,rainfall deviation ,,percent
333,drought_2017_2022,Drought,rd18-7-11,rd18-7-11,,rainfall deviation ,,percent
334,drought_2017_2022,Drought,rd17-7-2,rd17-7-2,,rainfall deviation ,,percent
335,drought_2017_2022,Drought,rd19-10-9,rd19-10-9,,rainfall deviation ,,percent
336,drought_2017_2022,Drought,t_wks_2017,t_wks_2017,,total weeks analysed in 2017,,weeks
337,drought_2017_2022,Drought,frth1_2017,frth1_2017,,frequency of drought for 2017 at threshold 1,,weeks
338,drought_2017_2022,Drought,rd22-10-9,rd22-10-9,,rainfall deviation ,,percent
339,drought_2017_2022,Drought,rd21-7-17,rd21-7-17,,rainfall deviation ,,percent
340,drought_2017_2022,Drought,frth1_2018,frth1_2018,,frequency of drought for 2018 at threshold 1,,weeks
341,drought_2017_2022,Drought,inth3_2020,inth3_2020,,intensity of drought 2020 at threshold 3,,dimensionless
342,drought_2017_2022,Drought,uid,uid,,unique identifier,,NA
343,drought_2017_2022,Drought,inth3_2021,inth3_2021,,intensity of drought 2021 at threshold 3,,dimensionless
344,drought_2017_2022,Drought,rd20-8-21,rd20-8-21,,rainfall deviation ,,percent
345,drought_2017_2022,Drought,rd18-7-18,rd18-7-18,,rainfall deviation ,,percent
346,drought_2017_2022,Drought,t_wks_2018,t_wks_2018,,total weeks analysed in 2018,,weeks
347,drought_2017_2022,Drought,inth3_2022,inth3_2022,,intensity of drought 2022 at threshold 3,,dimensionless
348,drought_2017_2022,Drought,t_wks_2019,t_wks_2019,,total weeks analysed in 2019,,weeks
349,drought_2017_2022,Drought,rd19-8-28,rd19-8-28,,rainfall deviation ,,percent
350,drought_2017_2022,Drought,rd20-8-28,rd20-8-28,,rainfall deviation ,,percent
351,drought_2017_2022,Drought,rd22-6-5,rd22-6-5,,rainfall deviation ,,percent
352,drought_2017_2022,Drought,rd20-10-16,rd20-10-16,,rainfall deviation ,,percent
353,drought_2017_2022,Drought,rd19-8-21,rd19-8-21,,rainfall deviation ,,percent
354,drought_2017_2022,Drought,rd22-9-11,rd22-9-11,,rainfall deviation ,,percent
355,drought_2017_2022,Drought,rd21-7-24,rd21-7-24,,rainfall deviation ,,percent
356,drought_2017_2022,Drought,rd19-8-7,rd19-8-7,,rainfall deviation ,,percent
357,drought_2017_2022,Drought,rd17-7-30,rd17-7-30,,rainfall deviation ,,percent
358,drought_2017_2022,Drought,frth3_2022,frth3_2022,,frequency of drought for 2022 at threshold 3,,weeks
359,drought_2017_2022,Drought,frth3_2020,frth3_2020,,frequency of drought for 2020 at threshold 3,,weeks
360,drought_2017_2022,Drought,frth3_2021,frth3_2021,,frequency of drought for 2021 at threshold 3,,weeks
361,drought_2017_2022,Drought,rd20-8-14,rd20-8-14,,rainfall deviation ,,percent
362,drought_2017_2022,Drought,inth3_2017,inth3_2017,,intensity of drought 2017 at threshold 3,,dimensionless
363,drought_2017_2022,Drought,inth3_2018,inth3_2018,,intensity of drought 2018 at threshold 3,,dimensionless
364,drought_2017_2022,Drought,rd22-9-18,rd22-9-18,,rainfall deviation ,,percent
365,drought_2017_2022,Drought,inth3_2019,inth3_2019,,intensity of drought 2019 at threshold 3,,dimensionless
366,drought_2017_2022,Drought,system:index,system:index,,,,NA
367,drought_2017_2022,Drought,rd20-7-3,rd20-7-3,,rainfall deviation ,,percent
368,drought_2017_2022,Drought,rd17-8-6,rd17-8-6,,rainfall deviation ,,percent
369,drought_2017_2022,Drought,rd17-7-23,rd17-7-23,,rainfall deviation ,,percent
370,drought_2017_2022,Drought,rd20-10-30,rd20-10-30,,rainfall deviation ,,percent
371,drought_2017_2022,Drought,w_mld_2017,w_mld_2017,,number of weeks in mild drought for 2017,,weeks
372,drought_2017_2022,Drought,w_mld_2018,w_mld_2018,,number of weeks in mild drought for 2018,,weeks
373,drought_2017_2022,Drought,w_mld_2019,w_mld_2019,,number of weeks in mild drought for 2019,,weeks
374,drought_2017_2022,Drought,rd22-5-29,rd22-5-29,,rainfall deviation ,,percent
375,drought_2017_2022,Drought,rd20-7-31,rd20-7-31,,rainfall deviation ,,percent
376,drought_2017_2022,Drought,rd18-6-6,rd18-6-6,,rainfall deviation ,,percent
377,drought_2017_2022,Drought,w_mld_2020,w_mld_2020,,number of weeks in mild drought for 2020,,weeks
378,drought_2017_2022,Drought,w_mld_2021,w_mld_2021,,number of weeks in mild drought for 2021,,weeks
379,drought_2017_2022,Drought,w_mld_2022,w_mld_2022,,number of weeks in mild drought for 2022,,weeks
380,drought_2017_2022,Drought,rd19-7-3,rd19-7-3,,rainfall deviation ,,percent
381,drought_2017_2022,Drought,rd18-10-31,rd18-10-31,,rainfall deviation ,,percent
382,drought_2017_2022,Drought,rd19-10-23,rd19-10-23,,rainfall deviation ,,percent
383,drought_2017_2022,Drought,t_wks_2020,t_wks_2020,,total weeks analysed in 2020,,weeks
384,drought_2017_2022,Drought,rd19-5-29,rd19-5-29,,rainfall deviation ,,percent
385,drought_2017_2022,Drought,m_ons_2017,m_ons_2017,,monsoon onset for 2017,,NA
386,drought_2017_2022,Drought,t_wks_2021,t_wks_2021,,total weeks analysed in 2021,,weeks
387,drought_2017_2022,Drought,m_ons_2019,m_ons_2019,,monsoon onset for 2019,,NA
388,drought_2017_2022,Drought,t_wks_2022,t_wks_2022,,total weeks analysed in 2022,,weeks
389,drought_2017_2022,Drought,m_ons_2018,m_ons_2018,,monsoon onset for 2018,,NA
390,drought_2017_2022,Drought,rd21-5-29,rd21-5-29,,rainfall deviation ,,percent
391,drought_2017_2022,Drought,frth1_2022,frth1_2022,,frequency of drought for 2022 at threshold 1,,weeks
392,drought_2017_2022,Drought,m_ons_2020,m_ons_2020,,monsoon onset for 2020,,NA
393,drought_2017_2022,Drought,m_ons_2022,m_ons_2022,,monsoon onset for 2022,,NA
394,drought_2017_2022,Drought,m_ons_2021,m_ons_2021,,monsoon onset for 2021,,NA
395,drought_2017_2022,Drought,frth1_2020,frth1_2020,,frequency of drought for 2020 at threshold 1,,weeks
396,drought_2017_2022,Drought,frth1_2021,frth1_2021,,frequency of drought for 2021 at threshold 1,,weeks
397,drought_2017_2022,Drought,rd20-7-24,rd20-7-24,,rainfall deviation ,,percent
398,drought_2017_2022,Drought,rd21-10-16,rd21-10-16,,rainfall deviation ,,percent
399,drought_2017_2022,Drought,rd20-10-23,rd20-10-23,,rainfall deviation ,,percent
400,drought_2017_2022,Drought,rd17-7-16,rd17-7-16,,rainfall deviation ,,percent
401,drought_2017_2022,Drought,rd19-10-16,rd19-10-16,,rainfall deviation ,,percent
402,drought_2017_2022,Drought,rd20-8-7,rd20-8-7,,rainfall deviation ,,percent
403,drought_2017_2022,Drought,rd17-9-3,rd17-9-3,,rainfall deviation ,,percent
404,drought_2017_2022,Drought,rd22-10-30,rd22-10-30,,rainfall deviation ,,percent
405,drought_2017_2022,Drought,rd18-10-24,rd18-10-24,,rainfall deviation ,,percent
406,drought_2017_2022,Drought,rd18-5-30,rd18-5-30,,rainfall deviation ,,percent
407,drought_2017_2022,Drought,rd21-6-5,rd21-6-5,,rainfall deviation ,,percent
408,drought_2017_2022,Drought,rd17-10-15,rd17-10-15,,rainfall deviation ,,percent
409,drought_2017_2022,Drought,w_mod_2022,w_mod_2022,,number of weeks in moderate drought for 2022,,count
410,drought_2017_2022,Drought,rd20-7-10,rd20-7-10,,rainfall deviation ,,percent
411,drought_2017_2022,Drought,w_mod_2021,w_mod_2021,,number of weeks in moderate drought for 2021,,count
412,drought_2017_2022,Drought,w_mod_2020,w_mod_2020,,number of weeks in moderate drought for 2020,,count
413,drought_2017_2022,Drought,w_no_2017,w_no_2017,,number of weeks in no drought for 2017,,count
414,drought_2017_2022,Drought,w_no_2018,w_no_2018,,number of weeks in no drought for 2018,,count
415,drought_2017_2022,Drought,w_no_2019,w_no_2019,,number of weeks in no drought for 2019,,count
416,drought_2017_2022,Drought,rd18-7-4,rd18-7-4,,rainfall deviation ,,percent
417,drought_2017_2022,Drought,frth2_2020,frth2_2020,,frequency of drought for 2020 at threshold 2,,weeks
418,drought_2017_2022,Drought,rd18-10-17,rd18-10-17,,rainfall deviation ,,percent
419,drought_2017_2022,Drought,frth2_2022,frth2_2022,,frequency of drought for 2022 at threshold 2,,weeks
420,drought_2017_2022,Drought,frth2_2021,frth2_2021,,frequency of drought for 2021 at threshold 2,,weeks
421,drought_2017_2022,Drought,rd20-7-17,rd20-7-17,,rainfall deviation ,,percent
422,drought_2017_2022,Drought,rd21-10-23,rd21-10-23,,rainfall deviation ,,percent
423,drought_2017_2022,Drought,rd19-6-5,rd19-6-5,,rainfall deviation ,,percent
424,drought_2017_2022,Drought,rd18-10-10,rd18-10-10,,rainfall deviation ,,percent
425,drought_2017_2022,Drought,frth2_2017,frth2_2017,,frequency of drought for 2017 at threshold 2,,weeks
426,drought_2017_2022,Drought,rd22-10-23,rd22-10-23,,rainfall deviation ,,percent
427,drought_2017_2022,Drought,rd21-10-30,rd21-10-30,,rainfall deviation ,,percent
428,drought_2017_2022,Drought,rd17-6-25,rd17-6-25,,rainfall deviation ,,percent
429,drought_2017_2022,Drought,frth2_2019,frth2_2019,,frequency of drought for 2019 at threshold 2,,weeks
430,drought_2017_2022,Drought,rd21-6-12,rd21-6-12,,rainfall deviation ,,percent
431,drought_2017_2022,Drought,frth2_2018,frth2_2018,,frequency of drought for 2018 at threshold 2,,weeks
432,drought_2017_2022,Drought,rd17-10-22,rd17-10-22,,rainfall deviation ,,percent
433,drought_2017_2022,Drought,rd21-6-19,rd21-6-19,,rainfall deviation ,,percent
434,drought_2017_2022,Drought,w_mod_2019,w_mod_2019,,number of weeks in moderate drought for 2019,,count
435,drought_2017_2022,Drought,w_mod_2018,w_mod_2018,,number of weeks in moderate drought for 2018,,count
436,drought_2017_2022,Drought,w_no_2020,w_no_2020,,number of weeks in no drought for 2020,,count
437,drought_2017_2022,Drought,w_mod_2017,w_mod_2017,,number of weeks in moderate drought for 2017,,count
438,drought_2017_2022,Drought,w_no_2021,w_no_2021,,number of weeks in no drought for 2021,,count
439,drought_2017_2022,Drought,w_no_2022,w_no_2022,,number of weeks in no drought for 2022,,count
440,drought_2017_2022,Drought,avg_dryspell,avg_dryspell,,average dry spell,,NA
441,drought_2017_2022,Drought,rd17-6-11,rd17-6-11,,rainfall deviation ,,percent
442,drought_2017_2022,Drought,rd21-9-11,rd21-9-11,,rainfall deviation ,,percent
443,drought_2017_2022,Drought,drysp_2019,drysp_2019,,dryspell length 2019,,NA
444,drought_2017_2022,Drought,drysp_2018,drysp_2018,,dryspell length 2018,,NA
445,drought_2017_2022,Drought,rd22-10-16,rd22-10-16,,rainfall deviation ,,percent
446,drought_2017_2022,Drought,rd18-9-12,rd18-9-12,,rainfall deviation ,,percent
447,drought_2017_2022,Drought,drysp_2017,drysp_2017,,dryspell length 2017,,NA
448,drought_2017_2022,Drought,rd21-9-18,rd21-9-18,,rainfall deviation ,,percent
449,drought_2017_2022,Drought,drlb_2017,drlb_2017,,drought labels 2017,,NA
450,drought_2017_2022,Drought,rd18-8-8,rd18-8-8,,rainfall deviation ,,percent
451,drought_2017_2022,Drought,inth0_2022,inth0_2022,,intensity of drought 2022 at threshold 0,,dimensionless
452,drought_2017_2022,Drought,rd18-9-19,rd18-9-19,,rainfall deviation ,,percent
453,drought_2017_2022,Drought,rd18-8-1,rd18-8-1,,rainfall deviation ,,percent
454,drought_2017_2022,Drought,inth0_2020,inth0_2020,,intensity of drought 2020 at threshold 0,,dimensionless
455,drought_2017_2022,Drought,inth0_2021,inth0_2021,,intensity of drought 2021 at threshold 0,,dimensionless
456,drought_2017_2022,Drought,rd22-9-4,rd22-9-4,,rainfall deviation ,,percent
457,drought_2017_2022,Drought,rd19-6-26,rd19-6-26,,rainfall deviation ,,percent
458,drought_2017_2022,Drought,rd20-6-26,rd20-6-26,,rainfall deviation ,,percent
459,drought_2017_2022,Drought,rd17-6-18,rd17-6-18,,rainfall deviation ,,percent
460,drought_2017_2022,Drought,rd21-9-25,rd21-9-25,,rainfall deviation ,,percent
461,drought_2017_2022,Drought,rd20-6-12,rd20-6-12,,rainfall deviation ,,percent
462,drought_2017_2022,Drought,inth2_2021,inth2_2021,,intensity of drought 2021 at threshold 2,,dimensionless
463,drought_2017_2022,Drought,inth2_2020,inth2_2020,,intensity of drought 2020 at threshold 2,,dimensionless
464,drought_2017_2022,Drought,rd22-7-17,rd22-7-17,,rainfall deviation ,,percent
465,drought_2017_2022,Drought,rd22-7-10,rd22-7-10,,rainfall deviation ,,percent
466,drought_2017_2022,Drought,rd20-6-19,rd20-6-19,,rainfall deviation ,,percent
467,drought_2017_2022,Drought,inth2_2022,inth2_2022,,intensity of drought 2022 at threshold 2,,dimensionless
468,drought_2017_2022,Drought,rd20-6-5,rd20-6-5,,rainfall deviation ,,percent
469,drought_2017_2022,Drought,rd19-10-30,rd19-10-30,,rainfall deviation ,,percent
470,drought_2017_2022,Drought,rd18-9-5,rd18-9-5,,rainfall deviation ,,percent
471,drought_2017_2022,Drought,frth0_2019,frth0_2019,,frequency of drought for 2019 at threshold 0,,weeks
472,drought_2017_2022,Drought,frth0_2018,frth0_2018,,frequency of drought for 2018 at threshold 0,,weeks
473,drought_2017_2022,Drought,frth0_2017,frth0_2017,,frequency of drought for 2017 at threshold 0,,weeks
474,drought_2017_2022,Drought,rd22-6-19,rd22-6-19,,rainfall deviation ,,percent
475,drought_2017_2022,Drought,area_in_ha,area_in_ha,,area in hectares,,ha
476,drought_2017_2022,Drought,rd17-5-28,rd17-5-28,,rainfall deviation ,,percent
477,drought_2017_2022,Drought,rd22-6-12,rd22-6-12,,rainfall deviation ,,percent
478,drought_2017_2022,Drought,rd19-6-19,rd19-6-19,,rainfall deviation ,,percent
479,drought_2017_2022,Drought,rd18-9-26,rd18-9-26,,rainfall deviation ,,percent
480,drought_2017_2022,Drought,frth0_2022,frth0_2022,,frequency of drought for 2022 at threshold 0,,weeks
481,drought_2017_2022,Drought,frth0_2021,frth0_2021,,frequency of drought for 2021 at threshold 0,,weeks
482,drought_2017_2022,Drought,frth0_2020,frth0_2020,,frequency of drought for 2020 at threshold 0,,weeks
483,drought_2017_2022,Drought,drlb_2019,drlb_2019,,drought labels 2019,,NA
484,drought_2017_2022,Drought,drlb_2018,drlb_2018,,drought labels 2018,,NA
485,drought_2017_2022,Drought,drlb_2022,drlb_2022,,drought labels 2022,,NA
486,drought_2017_2022,Drought,drlb_2021,drlb_2021,,drought labels 2021,,NA
487,drought_2017_2022,Drought,drlb_2020,drlb_2020,,drought labels 2020,,NA
488,drought_2017_2022,Drought,rd22-6-26,rd22-6-26,,rainfall deviation ,,percent
489,drought_2017_2022,Drought,rd19-6-12,rd19-6-12,,rainfall deviation ,,percent
490,drought_2017_2022,Drought,inth0_2019,inth0_2019,,intensity of drought 2019 at threshold 0,,dimensionless
491,drought_2017_2022,Drought,rd20-5-29,rd20-5-29,,rainfall deviation ,,percent
492,drought_2017_2022,Drought,inth0_2017,inth0_2017,,intensity of drought 2017 at threshold 0,,dimensionless
493,drought_2017_2022,Drought,inth0_2018,inth0_2018,,intensity of drought 2018 at threshold 0,,dimensionless
494,drought_2017_2022,Drought,pcr_k_2022,pcr_k_2022,,percent of area cropped kharif for 2022,,percent
495,drought_2017_2022,Drought,pcr_k_2021,pcr_k_2021,,percent of area cropped kharif for 2021,,percent
496,drought_2017_2022,Drought,rd21-7-31,rd21-7-31,,rainfall deviation ,,percent
497,drought_2017_2022,Drought,pcr_k_2020,pcr_k_2020,,percent of area cropped kharif for 2020,,percent
498,drought_2017_2022,Drought,rd21-9-4,rd21-9-4,,rainfall deviation ,,percent
499,drought_2017_2022,Drought,w_sev_2020,w_sev_2020,,number of weeks in severe drought for 2020,,count
500,drought_2017_2022,Drought,w_sev_2017,w_sev_2017,,number of weeks in severe drought for 2017,,count
501,drought_2017_2022,Drought,w_sev_2019,w_sev_2019,,number of weeks in severe drought for 2019,,count
502,drought_2017_2022,Drought,w_sev_2018,w_sev_2018,,number of weeks in severe drought for 2018,,count
503,drought_2017_2022,Drought,rd22-8-14,rd22-8-14,,rainfall deviation ,,percent
504,drought_2017_2022,Drought,rd22-7-3,rd22-7-3,,rainfall deviation ,,percent
505,drought_2017_2022,Drought,rd19-7-31,rd19-7-31,,rainfall deviation ,,percent
506,drought_2017_2022,Drought,rd22-8-21,rd22-8-21,,rainfall deviation ,,percent
507,drought_2017_2022,Drought,rd21-8-14,rd21-8-14,,rainfall deviation ,,percent
508,drought_2017_2022,Drought,pcr_k_2019,pcr_k_2019,,percent of area cropped kharif for 2019,,percent
509,drought_2017_2022,Drought,rd18-7-25,rd18-7-25,,rainfall deviation ,,percent
510,drought_2017_2022,Drought,pcr_k_2018,pcr_k_2018,,percent of area cropped kharif for 2018,,percent
511,drought_2017_2022,Drought,pcr_k_2017,pcr_k_2017,,percent of area cropped kharif for 2017,,percent
512,drought_2017_2022,Drought,rd19-8-14,rd19-8-14,,rainfall deviation ,,percent
513,drought_2017_2022,Drought,rd22-10-2,rd22-10-2,,rainfall deviation ,,percent
514,drought_2017_2022,Drought,rd22-8-28,rd22-8-28,,rainfall deviation ,,percent
515,drought_2017_2022,Drought,rd17-9-24,rd17-9-24,,rainfall deviation ,,percent
516,drought_2017_2022,Drought,rd21-8-21,rd21-8-21,,rainfall deviation ,,percent
517,drought_2017_2022,Drought,inth1_2019,inth1_2019,,intensity of drought 2019 at threshold 1,,dimensionless
518,drought_2017_2022,Drought,rd18-8-22,rd18-8-22,,rainfall deviation ,,percent
519,drought_2017_2022,Drought,inth1_2018,inth1_2018,,intensity of drought 2018 at threshold 1,,dimensionless
520,drought_2017_2022,Drought,inth1_2017,inth1_2017,,intensity of drought 2017 at threshold 1,,dimensionless
521,drought_2017_2022,Drought,rd21-8-28,rd21-8-28,,rainfall deviation ,,percent
522,drought_2017_2022,Drought,rd19-7-10,rd19-7-10,,rainfall deviation ,,percent
523,drought_2017_2022,Drought,inth2_2018,inth2_2018,,intensity of drought 2018 at threshold 2,,dimensionless
524,drought_2017_2022,Drought,inth2_2017,inth2_2017,,intensity of drought 2017 at threshold 2,,dimensionless
525,drought_2017_2022,Drought,rd18-8-29,rd18-8-29,,rainfall deviation ,,percent
526,drought_2017_2022,Drought,rd19-7-17,rd19-7-17,,rainfall deviation ,,percent
527,drought_2017_2022,Drought,inth2_2019,inth2_2019,,intensity of drought 2019 at threshold 2,,dimensionless
528,drought_2017_2022,Drought,rd18-10-3,rd18-10-3,,rainfall deviation ,,percent
529,drought_2017_2022,Drought,rd22-8-7,rd22-8-7,,rainfall deviation ,,percent
530,drought_2017_2022,Drought,rd22-7-24,rd22-7-24,,rainfall deviation ,,percent
531,drought_2017_2022,Drought,drysp_2022,drysp_2022,,dryspell length 2022,,NA
532,drought_2017_2022,Drought,rd17-9-17,rd17-9-17,,rainfall deviation ,,percent
533,drought_2017_2022,Drought,drysp_2021,drysp_2021,,dryspell length 2021,,NA
534,drought_2017_2022,Drought,inth1_2022,inth1_2022,,intensity of drought 2022 at threshold 1,,dimensionless
535,drought_2017_2022,Drought,rd22-7-31,rd22-7-31,,rainfall deviation ,,percent
536,drought_2017_2022,Drought,inth1_2021,inth1_2021,,intensity of drought 2021 at threshold 1,,dimensionless
537,drought_2017_2022,Drought,inth1_2020,inth1_2020,,intensity of drought 2020 at threshold 1,,dimensionless
538,drought_2017_2022,Drought,drysp_2020,drysp_2020,,dryspell length 2020,,NA
539,drought_2017_2022,Drought,rd17-9-10,rd17-9-10,,rainfall deviation ,,percent
540,drought_2017_2022,Drought,rd18-8-15,rd18-8-15,,rainfall deviation ,,percent
541,drought_2017_2022,Drought,w_sev_2022,w_sev_2022,,number of weeks in severe drought for 2022,,count
542,drought_2017_2022,Drought,rd21-10-9,rd21-10-9,,rainfall deviation ,,percent
543,drought_2017_2022,Drought,w_sev_2021,w_sev_2021,,number of weeks in severe drought for 2021,,count
544,drought_2017_2022,Drought,rd19-7-24,rd19-7-24,,rainfall deviation ,,percent
545,drought_2017_2022,Drought,rd21-10-2,rd21-10-2,,rainfall deviation ,,percent
546,drought_2017_2022,Drought,rd20-9-25,rd20-9-25,,rainfall deviation ,,percent
547,restoration_vector,Restoration Vector,uid,uid,,unique identifier,,NA
548,restoration_vector,Restoration Vector,area_in_ha,area_in_ha,,area in hectares,,ha
549,restoration_vector,Restoration Vector,Excluded Areas,excluded areas,,areas that are excluded from restoration,,percent
550,restoration_vector,Restoration Vector,id,id,,id,,NA
551,restoration_vector,Restoration Vector,Mosaic Restoration,mosaic restoration,,area of land restored using a patchwork approach,,percent
552,restoration_vector,Restoration Vector,Protection,protection,,area that falls under protection measures,,ha
553,restoration_vector,Restoration Vector,Wide-scale Restoration,wide-scale restoration,,area of land involved in broad sacle restoration,,percent
554,restoration_vector,Restoration Vector,system:index,system:index,,,,NA
555,soge_vector,SOGE,code,code,,"code of the class(Safe=1, Semi-Critical=2, Critical=3, Over-Exploited=4, Saline=5)",,NA
556,soge_vector,SOGE,soge_block,soge_block,,block name,,NA
557,soge_vector,SOGE,agwd_dom_i,agwd_dom_i,,annual ground water draft for domestic and industrial,,ha-m
558,soge_vector,SOGE,pct_area_soge,pct_area_soge,,percentage of the area that falls under the given assessment unit,,percent
559,soge_vector,SOGE,ar_gwr_tot,ar_gwr_tot,,annual extractable ground water replenishment,,ha-m
560,soge_vector,SOGE,soge_district,soge_district,,district name,,NA
561,soge_vector,SOGE,agwd_irr,agwd_irr,,annual ground water draft for irrigation,,ha-m
562,soge_vector,SOGE,uid,uid,,unique identifier,,NA
563,soge_vector,SOGE,soge_tehsil,soge_tehsil,,tehsil name,,NA
564,soge_vector,SOGE,soge_state,soge_state,,state name,,NA
565,soge_vector,SOGE,soge_objectid,soge_objectid,,object id,,NA
566,soge_vector,SOGE,area_in_ha,area_in_ha,,area in hectares,,ha
567,soge_vector,SOGE,sgw_dev_pe,sgw_dev_pe,,stage of ground water development in percentage,,percent
568,soge_vector,SOGE,nat_discha,nat_discha,,natural discharge,,ha-m
569,soge_vector,SOGE,max_intersection_area_ha,max_intersection_area_ha,,maximum overlapping area (in hectares),,ha
570,soge_vector,SOGE,class,class,,"ground water resource categorization(Safe, Semi-Critical, Critical, Over-Exploited, Saline)",,NA
571,soge_vector,SOGE,na_gwa,na_gwa,,net annual ground water availability,,ha-m
572,soge_vector,SOGE,system:index,system:index,,,,NA
573,soge_vector,SOGE,agwd_tot,agwd_tot,,total annual ground water draft,,ha-m
574,soge_vector,SOGE,soge_distr,soge_distr,,district name ,,NA
575,soge_vector,SOGE,soge_objec,soge_objec,,object id,,NA
576,soge_vector,SOGE,soge_tehsi,soge_tehsi,,tehsil name ,,NA
577,soge_vector,SOGE,gwr_2011_2,gwr_2011_2,,ground water resource ,,ha-m
578,soge_vector,SOGE,max_inters,max_inters,,maximum overlapping area (in hectares),,ha
579,soge_vector,SOGE,pct_area_s,pct_area_s,,percentage of the area that falls under the given assessment unit,,percent
580,soge_vector,SOGE,id ,id ,,identifier,,NA
581,soge_vector,SOGE,geometry,geometry,,geometry,,NA
582,lulc_vector,LULC,single_kharif_cropped_area_2019,single_kharif_cropped_area_2019,,single kharif cropped area for 2019,,ha
583,lulc_vector,LULC,single_kharif_cropped_area_2018,single_kharif_cropped_area_2018,,single kharif cropped area for 2018,,ha
584,lulc_vector,LULC,barrenlands_area_2017,barrenlands_area_2017,,barren land area for 2017,,ha
585,lulc_vector,LULC,single_kharif_cropped_area_2017,single_kharif_cropped_area_2017,,single kharif cropped area for 2017,,ha
586,lulc_vector,LULC,barrenlands_area_2018,barrenlands_area_2018,,barren land area for 2018,,ha
587,lulc_vector,LULC,barrenlands_area_2019,barrenlands_area_2019,,barren land area for 2019,,ha
588,lulc_vector,LULC,triply_cropped_area_2022,triply_cropped_area_2022,,tripple/annual/perennial cropping area for 2022,,ha
589,lulc_vector,LULC,triply_cropped_area_2021,triply_cropped_area_2021,,tripple/annual/perennial cropping area for 2021,,ha
590,lulc_vector,LULC,triply_cropped_area_2020,triply_cropped_area_2020,,tripple/annual/perennial cropping area for 2020,,ha
591,lulc_vector,LULC,triply_cropped_area_2023,triply_cropped_area_2023,,tripple/annual/perennial cropping area for 2023,,ha
592,lulc_vector,LULC,shrub_scrub_area_2023,shrub_scrub_area_2023,,shrubs and shrubs area for 2023,,ha
593,lulc_vector,LULC,id,id,,id,,NA
594,lulc_vector,LULC,shrub_scrub_area_2022,shrub_scrub_area_2022,,shrubs and shrubs area for 2022,,ha
595,lulc_vector,LULC,shrub_scrub_area_2021,shrub_scrub_area_2021,,shrubs and shrubs area for 2021,,ha
596,lulc_vector,LULC,shrub_scrub_area_2020,shrub_scrub_area_2020,,shrubs and shrubs area for 2020,,ha
597,lulc_vector,LULC,barrenlands_area_2023,barrenlands_area_2023,,barren land area for 2023,,ha
598,lulc_vector,LULC,barrenlands_area_2021,barrenlands_area_2021,,barren land area for 2021,,ha
599,lulc_vector,LULC,barrenlands_area_2022,barrenlands_area_2022,,barren land area for 2022,,ha
600,lulc_vector,LULC,shrub_scrub_area_2019,shrub_scrub_area_2019,,shrubs and shrubs area for 2019,,ha
601,lulc_vector,LULC,shrub_scrub_area_2018,shrub_scrub_area_2018,,shrubs and shrubs area for 2018,,ha
602,lulc_vector,LULC,shrub_scrub_area_2017,shrub_scrub_area_2017,,shrubs and shrubs area for 2017,,ha
603,lulc_vector,LULC,tree_forest_area_2023,tree_forest_area_2023,,tree area(changed) for 2023,,ha
604,lulc_vector,LULC,single_kharif_cropped_area_2023,single_kharif_cropped_area_2023,,single kharif cropped area for 2023,,ha
605,lulc_vector,LULC,single_kharif_cropped_area_2022,single_kharif_cropped_area_2022,,single kharif cropped area for 2022,,ha
606,lulc_vector,LULC,single_kharif_cropped_area_2021,single_kharif_cropped_area_2021,,single kharif cropped area for 2021,,ha
607,lulc_vector,LULC,single_kharif_cropped_area_2020,single_kharif_cropped_area_2020,,single kharif cropped area for 2020,,ha
608,lulc_vector,LULC,tree_forest_area_2020,tree_forest_area_2020,,tree area(changed) for 2020,,ha
609,lulc_vector,LULC,tree_forest_area_2021,tree_forest_area_2021,,tree area(changed) for 2021,,ha
610,lulc_vector,LULC,tree_forest_area_2022,tree_forest_area_2022,,tree area(changed) for 2023,,ha
611,lulc_vector,LULC,triply_cropped_area_2019,triply_cropped_area_2019,,tripple/annual/perennial cropping area for 2019,,ha
612,lulc_vector,LULC,doubly_cropped_area_2021,doubly_cropped_area_2021,,double cropping area for 2021,,ha
613,lulc_vector,LULC,triply_cropped_area_2018,triply_cropped_area_2018,,tripple/annual/perennial cropping area for 2018,,ha
614,lulc_vector,LULC,doubly_cropped_area_2020,doubly_cropped_area_2020,,double cropping area for 2020,,ha
615,lulc_vector,LULC,triply_cropped_area_2017,triply_cropped_area_2017,,tripple/annual/perennial cropping area for 2017,,ha
616,lulc_vector,LULC,doubly_cropped_area_2023,doubly_cropped_area_2023,,double cropping area for 2023,,ha
617,lulc_vector,LULC,doubly_cropped_area_2022,doubly_cropped_area_2022,,double cropping area for 2022,,ha
618,lulc_vector,LULC,barrenlands_area_2020,barrenlands_area_2020,,barren land area for 2020,,ha
619,lulc_vector,LULC,cropland_area_2018,cropland_area_2018,,cropland area for 2018,,ha
620,lulc_vector,LULC,krz_water_area_2021,krz_water_area_2021,,"kharif, rabi and zaid water area for 2021",,ha
621,lulc_vector,LULC,k_water_area_2017,k_water_area_2017,,kharif water area for 2017,,ha
622,lulc_vector,LULC,cropland_area_2017,cropland_area_2017,,cropland area for 2017,,ha
623,lulc_vector,LULC,krz_water_area_2020,krz_water_area_2020,,"kharif, rabi and zaid water area for 2020",,ha
624,lulc_vector,LULC,k_water_area_2018,k_water_area_2018,,kharif water area for 2018,,ha
625,lulc_vector,LULC,krz_water_area_2023,krz_water_area_2023,,"kharif, rabi and zaid water area for 2018",,ha
626,lulc_vector,LULC,k_water_area_2019,k_water_area_2019,,kharif water area for 2019,,ha
627,lulc_vector,LULC,cropland_area_2019,cropland_area_2019,,cropland area for 2019,,ha
628,lulc_vector,LULC,krz_water_area_2022,krz_water_area_2022,,"kharif, rabi and zaid water area for 2022",,ha
629,lulc_vector,LULC,kr_water_area_2022,kr_water_area_2022,,kharif and rabi water area for 2022,,ha
630,lulc_vector,LULC,kr_water_area_2023,kr_water_area_2023,,kharif and rabi water area for 2023,,ha
631,lulc_vector,LULC,sum,sum,,total classified area across all categories,,ha
632,lulc_vector,LULC,tree_forest_area_2017,tree_forest_area_2017,,tree to tree area for 2017,,ha
633,lulc_vector,LULC,tree_forest_area_2018,tree_forest_area_2018,,tree to tree area for 2018,,ha
634,lulc_vector,LULC,tree_forest_area_2019,tree_forest_area_2019,,tree to tree area for 2019,,ha
635,lulc_vector,LULC,doubly_cropped_area_2018,doubly_cropped_area_2018,,double cropped area for 2018,,ha
636,lulc_vector,LULC,doubly_cropped_area_2017,doubly_cropped_area_2017,,double cropped area for 2017,,ha
637,lulc_vector,LULC,uid,uid,,unique identifier,,NA
638,lulc_vector,LULC,single_non_kharif_cropped_area_2020,single_non_kharif_cropped_area_2020,,single non kharif cropped area for 2020,,ha
639,lulc_vector,LULC,doubly_cropped_area_2019,doubly_cropped_area_2019,,double cropped area for 2019,,ha
640,lulc_vector,LULC,single_non_kharif_cropped_area_2022,single_non_kharif_cropped_area_2022,,single non kharif cropped area for 2022,,ha
641,lulc_vector,LULC,single_non_kharif_cropped_area_2021,single_non_kharif_cropped_area_2021,,single non kharif cropped area for 2021,,ha
642,lulc_vector,LULC,area_in_ha,area_in_ha,,area in hectares,,ha
643,lulc_vector,LULC,single_non_kharif_cropped_area_2023,single_non_kharif_cropped_area_2023,,single non kharif cropped area for 2023,,ha
644,lulc_vector,LULC,kr_water_area_2020,kr_water_area_2020,,kharif and rabi water area for 2020,,ha
645,lulc_vector,LULC,kr_water_area_2021,kr_water_area_2021,,kharif and rabi water area for 2021,,ha
646,lulc_vector,LULC,krz_water_area_2018,krz_water_area_2018,,"kharif, rabi and zaid water area for 2018",,ha
647,lulc_vector,LULC,krz_water_area_2017,krz_water_area_2017,,"kharif, rabi and zaid water area for 2017",,ha
648,lulc_vector,LULC,krz_water_area_2019,krz_water_area_2019,,"kharif, rabi and zaid water area for 2019",,ha
649,lulc_vector,LULC,kr_water_area_2017,kr_water_area_2017,,kharif and rabi water area for 2017,,ha
650,lulc_vector,LULC,kr_water_area_2018,kr_water_area_2018,,kharif and rabi water area for 2018,,ha
651,lulc_vector,LULC,built-up_area_2017,built-up_area_2017,,built up area for 2017,,ha
652,lulc_vector,LULC,k_water_area_2020,k_water_area_2020,,kharif water area for 2020,,ha
653,lulc_vector,LULC,built-up_area_2018,built-up_area_2018,,built up area for 2018,,ha
654,lulc_vector,LULC,k_water_area_2021,k_water_area_2021,,kharif water area for 2021,,ha
655,lulc_vector,LULC,built-up_area_2019,built-up_area_2019,,built up area for 2019,,ha
656,lulc_vector,LULC,k_water_area_2022,k_water_area_2022,,kharif water area for 2022,,ha
657,lulc_vector,LULC,k_water_area_2023,k_water_area_2023,,kharif water area for 2023,,ha
658,lulc_vector,LULC,kr_water_area_2019,kr_water_area_2019,,kharif and rabi water area for 2019,,ha
659,lulc_vector,LULC,built-up_area_2020,built-up_area_2020,,built up area for 2020,,ha
660,lulc_vector,LULC,built-up_area_2021,built-up_area_2021,,built up area for 2021,,ha
661,lulc_vector,LULC,built-up_area_2022,built-up_area_2022,,built up area for 2022,,ha
662,lulc_vector,LULC,built-up_area_2023,built-up_area_2023,,built up area for 2023,,ha
663,lulc_vector,LULC,single_non_kharif_cropped_area_2017,single_non_kharif_cropped_area_2017,,single non kharif cropped area for 2017,,ha
664,lulc_vector,LULC,cropland_area_2021,cropland_area_2021,,cropland area for 2021,,ha
665,lulc_vector,LULC,cropland_area_2020,cropland_area_2020,,cropland area for 2020,,ha
666,lulc_vector,LULC,single_non_kharif_cropped_area_2019,single_non_kharif_cropped_area_2019,,single non kharif cropped area for 2019,,ha
667,lulc_vector,LULC,cropland_area_2023,cropland_area_2023,,cropland area for 2023,,ha
668,lulc_vector,LULC,single_non_kharif_cropped_area_2018,single_non_kharif_cropped_area_2018,,single non kharif cropped area for 2018,,ha
669,lulc_vector,LULC,cropland_area_2022,cropland_area_2022,,cropland area for 2022,,ha
670,lulc_vector,LULC,system:index,system:index,,,,NA
671,lulcXplains_clusters,Terrain LULC,LxP_cluster,lxp_cluster,,lulc x plain cluster id,,NA
672,lulcXplains_clusters,Terrain LULC,area,area,,area,,ha
673,lulcXplains_clusters,Terrain LULC,clust_name,clust_name,,cluster name ,,NA
674,lulcXplains_clusters,Terrain LULC,forest,forest,,trees area percent,,percent
675,lulcXplains_clusters,Terrain LULC,shrubs_scrubs,shrubs_scrubs,,shrubs and scrubs area percent,,percent
676,lulcXplains_clusters,Terrain LULC,terrain_cluster,terrain_cluster,,terrain cluster,,NA
677,lulcXplains_clusters,Terrain LULC,barren,barren,,barren area percent,,percent
678,lulcXplains_clusters,Terrain LULC,uid,uid,,unique identifier,,NA
679,lulcXplains_clusters,Terrain LULC,sing_non_kharif_crop,sing_non_kharif_crop,,single non kharif area percent,,percent
680,lulcXplains_clusters,Terrain LULC,sing_crop,sing_crop,,single kharif area percent,,percent
681,lulcXplains_clusters,Terrain LULC,double_crop,double_crop,,double kharif area percent,,percent
682,lulcXplains_clusters,Terrain LULC,area_in_ha,area_in_ha,,area in hectares,,ha
683,lulcXplains_clusters,Terrain LULC,id,id,,id,,NA
684,lulcXplains_clusters,Terrain LULC,system:index,system:index,,,,NA
685,lulcXplains_clusters,Terrain LULC,triple_crop,triple_crop,,tripple/annual/perennial cropping,,NA
686,terrain_clusters,Terrain Vector,hill_slopes_area,hill_slopes_area,,hill slopes area percent ,,percent
687,terrain_clusters,Terrain Vector,uid,uid,,unique identifier,,NA
688,terrain_clusters,Terrain Vector,slopy_area,slopy_area,,slopy area percent ,,percent
689,terrain_clusters,Terrain Vector,area_in_ha,area_in_ha,,area in hectares,,ha
690,terrain_clusters,Terrain Vector,valley_are,valley_are,,valley area,,ha
691,terrain_clusters,Terrain Vector,id,id,,id,,NA
692,terrain_clusters,Terrain Vector,plain_area,plain_area,,plain area,,ha
693,terrain_clusters,Terrain Vector,ridge_area,ridge_area,,ridge area,,ha
694,terrain_clusters,Terrain Vector,system:index,system:index,,,,NA
695,terrain_clusters,Terrain Vector,terrainClusters,terrainclusters,,terrain cluster id,,NA
696,terrain_clusters,Terrain Vector,hill_slope,hill_slope,,hill slope area,,ha
697,terrain_clusters,Terrain Vector,terrainClu,terrainClu,,terrain cluster id,,NA
698,terrain_clusters,Terrain Vector,FID,FID,,identifier,,NA
699,terrain_clusters,Terrain Vector,the_geom,the_geom,,geometry,,NA
700,well_depth_annual,Hydrology,uid,uid,,unique identifier,,NA
701,well_depth_annual,Hydrology,2022_2023,2022_2023,,well depth meters from 2022 July to 2023 June,,m
702,well_depth_annual,Hydrology,2017_2018,2017_2018,,well depth meters from 2017 July to 2018 June,,m
703,well_depth_annual,Hydrology,weighted_avg_yeild,weighted_avg_yield,,weighted average yield of aquifer ,,m3/day
704,well_depth_annual,Hydrology,area_in_ha,area_in_ha,,area in hectares,,ha
705,well_depth_annual,Hydrology,2023_2024,2023_2024,,well depth meters from 2023 July to 2024 June,,m
706,well_depth_annual,Hydrology,2019_2020,2019_2020,,well depth meters from 2019 July to 2020 June,,m
707,well_depth_annual,Hydrology,2020_2021,2020_2021,,well depth meters from 2020 July to 2021 June,,m
708,well_depth_annual,Hydrology,2018_2019,2018_2019,,well depth meters from 2018 July to 2019 June,,m
709,well_depth_annual,Hydrology,id,id,,id,,NA
710,well_depth_annual,Hydrology,2021_2022,2021_2022,,well depth meters from 2021 July to 2022 June,,m
711,well_depth_annual,Hydrology,system:index,system:index,,,,NA
712,well_depth_net_value,Hydrology,weighted_a,weighted_a,,weighted average yield of aquifer ,,m3/day
713,well_depth_net_value,Hydrology,2023_2024,2023_2024,,"annual mean precipitation (in mm), runoff (in mm), evapotranspiration (in mm), water balance (in mm), and cumulative water balance since 2017 as an indicator of cumulative surplus or deficit, for each microwatershed",,mm
714,well_depth_net_value,Hydrology,Net2019_24,net2019_24,,net change in depth to water between 2019 to 2024,,m
715,well_depth_net_value,Hydrology,Net2018_23,net2018_23,,net change in depth to water between 2018 to 2023,,m
716,well_depth_net_value,Hydrology,2019_2020,2019_2020,,"annual mean precipitation (in mm), runoff (in mm), evapotranspiration (in mm), water balance (in mm), and cumulative water balance since 2017 as an indicator of cumulative surplus or deficit, for each microwatershed",,mm
717,well_depth_net_value,Hydrology,2020_2021,2020_2021,,"annual mean precipitation (in mm), runoff (in mm), evapotranspiration (in mm), water balance (in mm), and cumulative water balance since 2017 as an indicator of cumulative surplus or deficit, for each microwatershed",,mm
718,well_depth_net_value,Hydrology,2018_2019,2018_2019,,"annual mean precipitation (in mm), runoff (in mm), evapotranspiration (in mm), water balance (in mm), and cumulative water balance since 2017 as an indicator of cumulative surplus or deficit, for each microwatershed",,mm
719,well_depth_net_value,Hydrology,Net2017_22,net2017_22,,net change in depth to water between 2017 to 2022,,m
720,well_depth_net_value,Hydrology,uid,uid,,unique identifier,,NA
721,well_depth_net_value,Hydrology,2022_2023,2022_2023,,"annual mean precipitation (in mm), runoff (in mm), evapotranspiration (in mm), water balance (in mm), and cumulative water balance since 2017 as an indicator of cumulative surplus or deficit, for each microwatershed",,mm
722,well_depth_net_value,Hydrology,2017_2018,2017_2018,,"annual mean precipitation (in mm), runoff (in mm), evapotranspiration (in mm), water balance (in mm), and cumulative water balance since 2017 as an indicator of cumulative surplus or deficit, for each microwatershed",,mm
723,well_depth_net_value,Hydrology,area_in_ha,area_in_ha,,area in hectares,,ha
724,well_depth_net_value,Hydrology,id,id,,id,,NA
725,well_depth_net_value,Hydrology,2021_2022,2021_2022,,"annual mean precipitation (in mm), runoff (in mm), evapotranspiration (in mm), water balance (in mm), and cumulative water balance since 2017 as an indicator of cumulative surplus or deficit, for each microwatershed",,mm
726,well_depth_net_value,Hydrology,system:index,system:index,,,,NA
727,well_depth_net_value,Hydrology,Net2020_25,Net2020_25,,net change in depth to water between 2020 to 2025,,m
728,well_depth_net_value,Hydrology,2024_2025,2024_2025,,"annual mean precipitation (in mm), runoff (in mm), evapotranspiration (in mm), water balance (in mm), and cumulative water balance since 2017 as an indicator of cumulative surplus or deficit, for each microwatershed",,mm
729,filtered_delta_g_annual_uid,Hydrology,uid,uid,,unique identifier,,NA
730,filtered_delta_g_annual_uid,Hydrology,2022_2023,2022_2023,,,,m
731,filtered_delta_g_annual_uid,Hydrology,2017_2018,2017_2018,,,,m
732,filtered_delta_g_annual_uid,Hydrology,area_in_ha,area_in_ha,,area in hectares,,ha
733,filtered_delta_g_annual_uid,Hydrology,2023_2024,2023_2024,,,,m
734,filtered_delta_g_annual_uid,Hydrology,2020_2021,2020_2021,,,,m
735,filtered_delta_g_annual_uid,Hydrology,2019_2020,2019_2020,,,,m
736,filtered_delta_g_annual_uid,Hydrology,2018_2019,2018_2019,,,,m
737,filtered_delta_g_annual_uid,Hydrology,id,id,,id,,NA
738,filtered_delta_g_annual_uid,Hydrology,2021_2022,2021_2022,,,,m
739,filtered_delta_g_annual_uid,Hydrology,system:index,system:index,,,,NA
740,filtered_delta_g_fortnight_uid,Hydrology,2020-05-18,2020-05-18,,"fortnightly mean precipitation (in mm), runoff (in mm), evapotranspiration (in mm), water balance (in mm), and cumulative water balance since 2017 as an indicator of cumulative surplus or deficit, for each microwatershed",,mm
741,filtered_delta_g_fortnight_uid,Hydrology,2020-02-24,2020-02-24,,"fortnightly mean precipitation (in mm), runoff (in mm), evapotranspiration (in mm), water balance (in mm), and cumulative water balance since 2017 as an indicator of cumulative surplus or deficit, for each microwatershed",,mm
742,filtered_delta_g_fortnight_uid,Hydrology,2020-11-18,2020-11-18,,"fortnightly mean precipitation (in mm), runoff (in mm), evapotranspiration (in mm), water balance (in mm), and cumulative water balance since 2017 as an indicator of cumulative surplus or deficit, for each microwatershed",,mm
743,filtered_delta_g_fortnight_uid,Hydrology,2024-04-06,2024-04-06,,"fortnightly mean precipitation (in mm), runoff (in mm), evapotranspiration (in mm), water balance (in mm), and cumulative water balance since 2017 as an indicator of cumulative surplus or deficit, for each microwatershed",,mm
744,filtered_delta_g_fortnight_uid,Hydrology,2024-01-13,2024-01-13,,"fortnightly mean precipitation (in mm), runoff (in mm), evapotranspiration (in mm), water balance (in mm), and cumulative water balance since 2017 as an indicator of cumulative surplus or deficit, for each microwatershed",,mm
745,filtered_delta_g_fortnight_uid,Hydrology,2021-10-21,2021-10-21,,"fortnightly mean precipitation (in mm), runoff (in mm), evapotranspiration (in mm), water balance (in mm), and cumulative water balance since 2017 as an indicator of cumulative surplus or deficit, for each microwatershed",,mm
746,filtered_delta_g_fortnight_uid,Hydrology,2019-04-21,2019-04-21,,"fortnightly mean precipitation (in mm), runoff (in mm), evapotranspiration (in mm), water balance (in mm), and cumulative water balance since 2017 as an indicator of cumulative surplus or deficit, for each microwatershed",,mm
747,filtered_delta_g_fortnight_uid,Hydrology,2019-07-15,2019-07-15,,"fortnightly mean precipitation (in mm), runoff (in mm), evapotranspiration (in mm), water balance (in mm), and cumulative water balance since 2017 as an indicator of cumulative surplus or deficit, for each microwatershed",,mm
748,filtered_delta_g_fortnight_uid,Hydrology,2023-02-24,2023-02-24,,"fortnightly mean precipitation (in mm), runoff (in mm), evapotranspiration (in mm), water balance (in mm), and cumulative water balance since 2017 as an indicator of cumulative surplus or deficit, for each microwatershed",,mm
749,filtered_delta_g_fortnight_uid,Hydrology,2022-09-09,2022-09-09,,"fortnightly mean precipitation (in mm), runoff (in mm), evapotranspiration (in mm), water balance (in mm), and cumulative water balance since 2017 as an indicator of cumulative surplus or deficit, for each microwatershed",,mm
750,filtered_delta_g_fortnight_uid,Hydrology,2022-03-24,2022-03-24,,"fortnightly mean precipitation (in mm), runoff (in mm), evapotranspiration (in mm), water balance (in mm), and cumulative water balance since 2017 as an indicator of cumulative surplus or deficit, for each microwatershed",,mm
751,filtered_delta_g_fortnight_uid,Hydrology,2023-11-04,2023-11-04,,"fortnightly mean precipitation (in mm), runoff (in mm), evapotranspiration (in mm), water balance (in mm), and cumulative water balance since 2017 as an indicator of cumulative surplus or deficit, for each microwatershed",,mm
752,filtered_delta_g_fortnight_uid,Hydrology,2019-10-21,2019-10-21,,"fortnightly mean precipitation (in mm), runoff (in mm), evapotranspiration (in mm), water balance (in mm), and cumulative water balance since 2017 as an indicator of cumulative surplus or deficit, for each microwatershed",,mm
753,filtered_delta_g_fortnight_uid,Hydrology,2017-09-23,2017-09-23,,"fortnightly mean precipitation (in mm), runoff (in mm), evapotranspiration (in mm), water balance (in mm), and cumulative water balance since 2017 as an indicator of cumulative surplus or deficit, for each microwatershed",,mm
754,filtered_delta_g_fortnight_uid,Hydrology,2022-06-16,2022-06-16,,"fortnightly mean precipitation (in mm), runoff (in mm), evapotranspiration (in mm), water balance (in mm), and cumulative water balance since 2017 as an indicator of cumulative surplus or deficit, for each microwatershed",,mm
755,filtered_delta_g_fortnight_uid,Hydrology,2021-07-15,2021-07-15,,"fortnightly mean precipitation (in mm), runoff (in mm), evapotranspiration (in mm), water balance (in mm), and cumulative water balance since 2017 as an indicator of cumulative surplus or deficit, for each microwatershed",,mm
756,filtered_delta_g_fortnight_uid,Hydrology,2017-07-01,2017-07-01,,"fortnightly mean precipitation (in mm), runoff (in mm), evapotranspiration (in mm), water balance (in mm), and cumulative water balance since 2017 as an indicator of cumulative surplus or deficit, for each microwatershed",,mm
757,filtered_delta_g_fortnight_uid,Hydrology,id,id,,id,,NA
758,filtered_delta_g_fortnight_uid,Hydrology,2017-10-07,2017-10-07,,"fortnightly mean precipitation (in mm), runoff (in mm), evapotranspiration (in mm), water balance (in mm), and cumulative water balance since 2017 as an indicator of cumulative surplus or deficit, for each microwatershed",,mm
759,filtered_delta_g_fortnight_uid,Hydrology,2021-04-07,2021-04-07,,"fortnightly mean precipitation (in mm), runoff (in mm), evapotranspiration (in mm), water balance (in mm), and cumulative water balance since 2017 as an indicator of cumulative surplus or deficit, for each microwatershed",,mm
760,filtered_delta_g_fortnight_uid,Hydrology,2021-01-13,2021-01-13,,"fortnightly mean precipitation (in mm), runoff (in mm), evapotranspiration (in mm), water balance (in mm), and cumulative water balance since 2017 as an indicator of cumulative surplus or deficit, for each microwatershed",,mm
761,filtered_delta_g_fortnight_uid,Hydrology,2018-05-19,2018-05-19,,"fortnightly mean precipitation (in mm), runoff (in mm), evapotranspiration (in mm), water balance (in mm), and cumulative water balance since 2017 as an indicator of cumulative surplus or deficit, for each microwatershed",,mm
762,filtered_delta_g_fortnight_uid,Hydrology,2020-11-04,2020-11-04,,"fortnightly mean precipitation (in mm), runoff (in mm), evapotranspiration (in mm), water balance (in mm), and cumulative water balance since 2017 as an indicator of cumulative surplus or deficit, for each microwatershed",,mm
763,filtered_delta_g_fortnight_uid,Hydrology,2022-12-02,2022-12-02,,"fortnightly mean precipitation (in mm), runoff (in mm), evapotranspiration (in mm), water balance (in mm), and cumulative water balance since 2017 as an indicator of cumulative surplus or deficit, for each microwatershed",,mm
764,filtered_delta_g_fortnight_uid,Hydrology,2019-02-10,2019-02-10,,"fortnightly mean precipitation (in mm), runoff (in mm), evapotranspiration (in mm), water balance (in mm), and cumulative water balance since 2017 as an indicator of cumulative surplus or deficit, for each microwatershed",,mm
765,filtered_delta_g_fortnight_uid,Hydrology,2018-02-24,2018-02-24,,"fortnightly mean precipitation (in mm), runoff (in mm), evapotranspiration (in mm), water balance (in mm), and cumulative water balance since 2017 as an indicator of cumulative surplus or deficit, for each microwatershed",,mm
766,filtered_delta_g_fortnight_uid,Hydrology,2023-05-19,2023-05-19,,"fortnightly mean precipitation (in mm), runoff (in mm), evapotranspiration (in mm), water balance (in mm), and cumulative water balance since 2017 as an indicator of cumulative surplus or deficit, for each microwatershed",,mm
767,filtered_delta_g_fortnight_uid,Hydrology,2020-08-12,2020-08-12,,"fortnightly mean precipitation (in mm), runoff (in mm), evapotranspiration (in mm), water balance (in mm), and cumulative water balance since 2017 as an indicator of cumulative surplus or deficit, for each microwatershed",,mm
768,filtered_delta_g_fortnight_uid,Hydrology,2017-12-30,2017-12-30,,"fortnightly mean precipitation (in mm), runoff (in mm), evapotranspiration (in mm), water balance (in mm), and cumulative water balance since 2017 as an indicator of cumulative surplus or deficit, for each microwatershed",,mm
769,filtered_delta_g_fortnight_uid,Hydrology,2018-08-12,2018-08-12,,"fortnightly mean precipitation (in mm), runoff (in mm), evapotranspiration (in mm), water balance (in mm), and cumulative water balance since 2017 as an indicator of cumulative surplus or deficit, for each microwatershed",,mm
770,filtered_delta_g_fortnight_uid,Hydrology,2023-08-12,2023-08-12,,"fortnightly mean precipitation (in mm), runoff (in mm), evapotranspiration (in mm), water balance (in mm), and cumulative water balance since 2017 as an indicator of cumulative surplus or deficit, for each microwatershed",,mm
771,filtered_delta_g_fortnight_uid,Hydrology,2019-05-05,2019-05-05,,"fortnightly mean precipitation (in mm), runoff (in mm), evapotranspiration (in mm), water balance (in mm), and cumulative water balance since 2017 as an indicator of cumulative surplus or deficit, for each microwatershed",,mm
772,filtered_delta_g_fortnight_uid,Hydrology,2019-11-04,2019-11-04,,"fortnightly mean precipitation (in mm), runoff (in mm), evapotranspiration (in mm), water balance (in mm), and cumulative water balance since 2017 as an indicator of cumulative surplus or deficit, for each microwatershed",,mm
773,filtered_delta_g_fortnight_uid,Hydrology,2019-07-29,2019-07-29,,"fortnightly mean precipitation (in mm), runoff (in mm), evapotranspiration (in mm), water balance (in mm), and cumulative water balance since 2017 as an indicator of cumulative surplus or deficit, for each microwatershed",,mm
774,filtered_delta_g_fortnight_uid,Hydrology,2018-11-18,2018-11-18,,"fortnightly mean precipitation (in mm), runoff (in mm), evapotranspiration (in mm), water balance (in mm), and cumulative water balance since 2017 as an indicator of cumulative surplus or deficit, for each microwatershed",,mm
775,filtered_delta_g_fortnight_uid,Hydrology,2022-06-02,2022-06-02,,"fortnightly mean precipitation (in mm), runoff (in mm), evapotranspiration (in mm), water balance (in mm), and cumulative water balance since 2017 as an indicator of cumulative surplus or deficit, for each microwatershed",,mm
776,filtered_delta_g_fortnight_uid,Hydrology,2021-07-29,2021-07-29,,"fortnightly mean precipitation (in mm), runoff (in mm), evapotranspiration (in mm), water balance (in mm), and cumulative water balance since 2017 as an indicator of cumulative surplus or deficit, for each microwatershed",,mm
797,filtered_delta_g_fortnight_uid,Hydrology,2022-08-26,2022-08-26,,"fortnightly mean precipitation (in mm), runoff (in mm), evapotranspiration (in mm), water balance (in mm), and cumulative water balance since 2017 as an indicator of cumulative surplus or deficit, for each microwatershed",,mm
798,filtered_delta_g_fortnight_uid,Hydrology,2021-05-05,2021-05-05,,"fortnightly mean precipitation (in mm), runoff (in mm), evapotranspiration (in mm), water balance (in mm), and cumulative water balance since 2017 as an indicator of cumulative surplus or deficit, for each microwatershed",,mm
799,filtered_delta_g_fortnight_uid,Hydrology,2023-11-18,2023-11-18,,"fortnightly mean precipitation (in mm), runoff (in mm), evapotranspiration (in mm), water balance (in mm), and cumulative water balance since 2017 as an indicator of cumulative surplus or deficit, for each microwatershed",,mm
800,filtered_delta_g_fortnight_uid,Hydrology,2022-03-10,2022-03-10,,"fortnightly mean precipitation (in mm), runoff (in mm), evapotranspiration (in mm), water balance (in mm), and cumulative water balance since 2017 as an indicator of cumulative surplus or deficit, for each microwatershed",,mm
801,filtered_delta_g_fortnight_uid,Hydrology,2020-07-15,2020-07-15,,"fortnightly mean precipitation (in mm), runoff (in mm), evapotranspiration (in mm), water balance (in mm), and cumulative water balance since 2017 as an indicator of cumulative surplus or deficit, for each microwatershed",,mm
802,filtered_delta_g_fortnight_uid,Hydrology,2021-02-10,2021-02-10,,"fortnightly mean precipitation (in mm), runoff (in mm), evapotranspiration (in mm), water balance (in mm), and cumulative water balance since 2017 as an indicator of cumulative surplus or deficit, for each microwatershed",,mm
803,filtered_delta_g_fortnight_uid,Hydrology,2017-08-26,2017-08-26,,"fortnightly mean precipitation (in mm), runoff (in mm), evapotranspiration (in mm), water balance (in mm), and cumulative water balance since 2017 as an indicator of cumulative surplus or deficit, for each microwatershed",,mm
804,filtered_delta_g_fortnight_uid,Hydrology,2022-04-07,2022-04-07,,"fortnightly mean precipitation (in mm), runoff (in mm), evapotranspiration (in mm), water balance (in mm), and cumulative water balance since 2017 as an indicator of cumulative surplus or deficit, for each microwatershed",,mm
805,filtered_delta_g_fortnight_uid,Hydrology,2022-12-30,2022-12-30,,"fortnightly mean precipitation (in mm), runoff (in mm), evapotranspiration (in mm), water balance (in mm), and cumulative water balance since 2017 as an indicator of cumulative surplus or deficit, for each microwatershed",,mm
806,filtered_delta_g_fortnight_uid,Hydrology,2019-02-24,2019-02-24,,"fortnightly mean precipitation (in mm), runoff (in mm), evapotranspiration (in mm), water balance (in mm), and cumulative water balance since 2017 as an indicator of cumulative surplus or deficit, for each microwatershed",,mm
807,filtered_delta_g_fortnight_uid,Hydrology,2018-09-09,2018-09-09,,"fortnightly mean precipitation (in mm), runoff (in mm), evapotranspiration (in mm), water balance (in mm), and cumulative water balance since 2017 as an indicator of cumulative surplus or deficit, for each microwatershed",,mm
808,filtered_delta_g_fortnight_uid,Hydrology,2024-03-23,2024-03-23,,"fortnightly mean precipitation (in mm), runoff (in mm), evapotranspiration (in mm), water balance (in mm), and cumulative water balance since 2017 as an indicator of cumulative surplus or deficit, for each microwatershed",,mm
809,filtered_delta_g_fortnight_uid,Hydrology,2021-12-16,2021-12-16,,"fortnightly mean precipitation (in mm), runoff (in mm), evapotranspiration (in mm), water balance (in mm), and cumulative water balance since 2017 as an indicator of cumulative surplus or deficit, for each microwatershed",,mm
810,filtered_delta_g_fortnight_uid,Hydrology,2024-06-15,2024-06-15,,"fortnightly mean precipitation (in mm), runoff (in mm), evapotranspiration (in mm), water balance (in mm), and cumulative water balance since 2017 as an indicator of cumulative surplus or deficit, for each microwatershed",,mm
811,filtered_delta_g_fortnight_uid,Hydrology,2019-08-12,2019-08-12,,"fortnightly mean precipitation (in mm), runoff (in mm), evapotranspiration (in mm), water balance (in mm), and cumulative water balance since 2017 as an indicator of cumulative surplus or deficit, for each microwatershed",,mm
812,filtered_delta_g_fortnight_uid,Hydrology,2018-03-24,2018-03-24,,"fortnightly mean precipitation (in mm), runoff (in mm), evapotranspiration (in mm), water balance (in mm), and cumulative water balance since 2017 as an indicator of cumulative surplus or deficit, for each microwatershed",,mm
813,filtered_delta_g_fortnight_uid,Hydrology,2020-04-20,2020-04-20,,"fortnightly mean precipitation (in mm), runoff (in mm), evapotranspiration (in mm), water balance (in mm), and cumulative water balance since 2017 as an indicator of cumulative surplus or deficit, for each microwatershed",,mm
814,filtered_delta_g_fortnight_uid,Hydrology,2018-06-16,2018-06-16,,"fortnightly mean precipitation (in mm), runoff (in mm), evapotranspiration (in mm), water balance (in mm), and cumulative water balance since 2017 as an indicator of cumulative surplus or deficit, for each microwatershed",,mm
815,filtered_delta_g_fortnight_uid,Hydrology,2023-03-10,2023-03-10,,"fortnightly mean precipitation (in mm), runoff (in mm), evapotranspiration (in mm), water balance (in mm), and cumulative water balance since 2017 as an indicator of cumulative surplus or deficit, for each microwatershed",,mm
816,filtered_delta_g_fortnight_uid,Hydrology,2019-11-18,2019-11-18,,"fortnightly mean precipitation (in mm), runoff (in mm), evapotranspiration (in mm), water balance (in mm), and cumulative water balance since 2017 as an indicator of cumulative surplus or deficit, for each microwatershed",,mm
817,filtered_delta_g_fortnight_uid,Hydrology,uid,uid,,unique identifier,,NA
818,filtered_delta_g_fortnight_uid,Hydrology,2022-10-07,2022-10-07,,"fortnightly mean precipitation (in mm), runoff (in mm), evapotranspiration (in mm), water balance (in mm), and cumulative water balance since 2017 as an indicator of cumulative surplus or deficit, for each microwatershed",,mm
819,filtered_delta_g_fortnight_uid,Hydrology,2017-12-02,2017-12-02,,"fortnightly mean precipitation (in mm), runoff (in mm), evapotranspiration (in mm), water balance (in mm), and cumulative water balance since 2017 as an indicator of cumulative surplus or deficit, for each microwatershed",,mm
820,filtered_delta_g_fortnight_uid,Hydrology,2023-08-26,2023-08-26,,"fortnightly mean precipitation (in mm), runoff (in mm), evapotranspiration (in mm), water balance (in mm), and cumulative water balance since 2017 as an indicator of cumulative surplus or deficit, for each microwatershed",,mm
821,filtered_delta_g_fortnight_uid,Hydrology,2023-06-02,2023-06-02,,"fortnightly mean precipitation (in mm), runoff (in mm), evapotranspiration (in mm), water balance (in mm), and cumulative water balance since 2017 as an indicator of cumulative surplus or deficit, for each microwatershed",,mm
822,filtered_delta_g_fortnight_uid,Hydrology,area_in_ha,area_in_ha,,area in hectares,,ha
823,filtered_delta_g_fortnight_uid,Hydrology,2020-01-27,2020-01-27,,"fortnightly mean precipitation (in mm), runoff (in mm), evapotranspiration (in mm), water balance (in mm), and cumulative water balance since 2017 as an indicator of cumulative surplus or deficit, for each microwatershed",,mm
824,filtered_delta_g_fortnight_uid,Hydrology,2019-05-19,2019-05-19,,"fortnightly mean precipitation (in mm), runoff (in mm), evapotranspiration (in mm), water balance (in mm), and cumulative water balance since 2017 as an indicator of cumulative surplus or deficit, for each microwatershed",,mm
825,filtered_delta_g_fortnight_uid,Hydrology,2022-09-23,2022-09-23,,"fortnightly mean precipitation (in mm), runoff (in mm), evapotranspiration (in mm), water balance (in mm), and cumulative water balance since 2017 as an indicator of cumulative surplus or deficit, for each microwatershed",,mm
826,filtered_delta_g_fortnight_uid,Hydrology,2018-12-16,2018-12-16,,"fortnightly mean precipitation (in mm), runoff (in mm), evapotranspiration (in mm), water balance (in mm), and cumulative water balance since 2017 as an indicator of cumulative surplus or deficit, for each microwatershed",,mm
827,filtered_delta_g_fortnight_uid,Hydrology,2022-07-01,2022-07-01,,"fortnightly mean precipitation (in mm), runoff (in mm), evapotranspiration (in mm), water balance (in mm), and cumulative water balance since 2017 as an indicator of cumulative surplus or deficit, for each microwatershed",,mm
828,filtered_delta_g_fortnight_uid,Hydrology,2020-05-04,2020-05-04,,"fortnightly mean precipitation (in mm), runoff (in mm), evapotranspiration (in mm), water balance (in mm), and cumulative water balance since 2017 as an indicator of cumulative surplus or deficit, for each microwatershed",,mm
829,filtered_delta_g_fortnight_uid,Hydrology,2020-02-10,2020-02-10,,"fortnightly mean precipitation (in mm), runoff (in mm), evapotranspiration (in mm), water balance (in mm), and cumulative water balance since 2017 as an indicator of cumulative surplus or deficit, for each microwatershed",,mm
830,filtered_delta_g_fortnight_uid,Hydrology,2017-09-09,2017-09-09,,"fortnightly mean precipitation (in mm), runoff (in mm), evapotranspiration (in mm), water balance (in mm), and cumulative water balance since 2017 as an indicator of cumulative surplus or deficit, for each microwatershed",,mm
831,filtered_delta_g_fortnight_uid,Hydrology,2020-07-29,2020-07-29,,"fortnightly mean precipitation (in mm), runoff (in mm), evapotranspiration (in mm), water balance (in mm), and cumulative water balance since 2017 as an indicator of cumulative surplus or deficit, for each microwatershed",,mm
832,filtered_delta_g_fortnight_uid,Hydrology,2021-04-21,2021-04-21,,"fortnightly mean precipitation (in mm), runoff (in mm), evapotranspiration (in mm), water balance (in mm), and cumulative water balance since 2017 as an indicator of cumulative surplus or deficit, for each microwatershed",,mm
833,filtered_delta_g_fortnight_uid,Hydrology,2024-06-01,2024-06-01,,"fortnightly mean precipitation (in mm), runoff (in mm), evapotranspiration (in mm), water balance (in mm), and cumulative water balance since 2017 as an indicator of cumulative surplus or deficit, for each microwatershed",,mm
834,filtered_delta_g_fortnight_uid,Hydrology,2018-03-10,2018-03-10,,"fortnightly mean precipitation (in mm), runoff (in mm), evapotranspiration (in mm), water balance (in mm), and cumulative water balance since 2017 as an indicator of cumulative surplus or deficit, for each microwatershed",,mm
835,filtered_delta_g_fortnight_uid,Hydrology,2021-10-07,2021-10-07,,"fortnightly mean precipitation (in mm), runoff (in mm), evapotranspiration (in mm), water balance (in mm), and cumulative water balance since 2017 as an indicator of cumulative surplus or deficit, for each microwatershed",,mm
836,filtered_delta_g_fortnight_uid,Hydrology,2018-06-02,2018-06-02,,"fortnightly mean precipitation (in mm), runoff (in mm), evapotranspiration (in mm), water balance (in mm), and cumulative water balance since 2017 as an indicator of cumulative surplus or deficit, for each microwatershed",,mm
837,filtered_delta_g_fortnight_uid,Hydrology,2018-08-26,2018-08-26,,"fortnightly mean precipitation (in mm), runoff (in mm), evapotranspiration (in mm), water balance (in mm), and cumulative water balance since 2017 as an indicator of cumulative surplus or deficit, for each microwatershed",,mm
838,filtered_delta_g_fortnight_uid,Hydrology,2023-09-09,2023-09-09,,"fortnightly mean precipitation (in mm), runoff (in mm), evapotranspiration (in mm), water balance (in mm), and cumulative water balance since 2017 as an indicator of cumulative surplus or deficit, for each microwatershed",,mm
839,filtered_delta_g_fortnight_uid,Hydrology,2022-12-16,2022-12-16,,"fortnightly mean precipitation (in mm), runoff (in mm), evapotranspiration (in mm), water balance (in mm), and cumulative water balance since 2017 as an indicator of cumulative surplus or deficit, for each microwatershed",,mm
840,filtered_delta_g_fortnight_uid,Hydrology,2018-12-02,2018-12-02,,"fortnightly mean precipitation (in mm), runoff (in mm), evapotranspiration (in mm), water balance (in mm), and cumulative water balance since 2017 as an indicator of cumulative surplus or deficit, for each microwatershed",,mm
841,filtered_delta_g_fortnight_uid,Hydrology,2023-06-16,2023-06-16,,"fortnightly mean precipitation (in mm), runoff (in mm), evapotranspiration (in mm), water balance (in mm), and cumulative water balance since 2017 as an indicator of cumulative surplus or deficit, for each microwatershed",,mm
842,filtered_delta_g_fortnight_uid,Hydrology,2024-03-09,2024-03-09,,"fortnightly mean precipitation (in mm), runoff (in mm), evapotranspiration (in mm), water balance (in mm), and cumulative water balance since 2017 as an indicator of cumulative surplus or deficit, for each microwatershed",,mm
843,filtered_delta_g_fortnight_uid,Hydrology,2021-12-30,2021-12-30,,"fortnightly mean precipitation (in mm), runoff (in mm), evapotranspiration (in mm), water balance (in mm), and cumulative water balance since 2017 as an indicator of cumulative surplus or deficit, for each microwatershed",,mm
844,filtered_delta_g_fortnight_uid,Hydrology,2023-03-24,2023-03-24,,"fortnightly mean precipitation (in mm), runoff (in mm), evapotranspiration (in mm), water balance (in mm), and cumulative water balance since 2017 as an indicator of cumulative surplus or deficit, for each microwatershed",,mm
845,filtered_delta_g_fortnight_uid,Hydrology,2021-07-01,2021-07-01,,"fortnightly mean precipitation (in mm), runoff (in mm), evapotranspiration (in mm), water balance (in mm), and cumulative water balance since 2017 as an indicator of cumulative surplus or deficit, for each microwatershed",,mm
846,filtered_delta_g_fortnight_uid,Hydrology,2021-09-23,2021-09-23,,"fortnightly mean precipitation (in mm), runoff (in mm), evapotranspiration (in mm), water balance (in mm), and cumulative water balance since 2017 as an indicator of cumulative surplus or deficit, for each microwatershed",,mm
847,filtered_delta_g_fortnight_uid,Hydrology,2023-12-02,2023-12-02,,"fortnightly mean precipitation (in mm), runoff (in mm), evapotranspiration (in mm), water balance (in mm), and cumulative water balance since 2017 as an indicator of cumulative surplus or deficit, for each microwatershed",,mm
848,filtered_delta_g_fortnight_uid,Hydrology,2020-10-21,2020-10-21,,"fortnightly mean precipitation (in mm), runoff (in mm), evapotranspiration (in mm), water balance (in mm), and cumulative water balance since 2017 as an indicator of cumulative surplus or deficit, for each microwatershed",,mm
849,filtered_delta_g_fortnight_uid,Hydrology,2017-12-16,2017-12-16,,"fortnightly mean precipitation (in mm), runoff (in mm), evapotranspiration (in mm), water balance (in mm), and cumulative water balance since 2017 as an indicator of cumulative surplus or deficit, for each microwatershed",,mm
850,filtered_delta_g_fortnight_uid,Hydrology,2022-01-13,2022-01-13,,"fortnightly mean precipitation (in mm), runoff (in mm), evapotranspiration (in mm), water balance (in mm), and cumulative water balance since 2017 as an indicator of cumulative surplus or deficit, for each microwatershed",,mm
851,filtered_delta_g_fortnight_uid,Hydrology,system:index,system:index,,,,NA
852,filtered_delta_g_fortnight_uid,Hydrology,2021-01-27,2021-01-27,,"fortnightly mean precipitation (in mm), runoff (in mm), evapotranspiration (in mm), water balance (in mm), and cumulative water balance since 2017 as an indicator of cumulative surplus or deficit, for each microwatershed",,mm
853,filtered_delta_g_fortnight_uid,Hydrology,2020-10-07,2020-10-07,,"fortnightly mean precipitation (in mm), runoff (in mm), evapotranspiration (in mm), water balance (in mm), and cumulative water balance since 2017 as an indicator of cumulative surplus or deficit, for each microwatershed",,mm
854,filtered_delta_g_fortnight_uid,Hydrology,2018-01-27,2018-01-27,,"fortnightly mean precipitation (in mm), runoff (in mm), evapotranspiration (in mm), water balance (in mm), and cumulative water balance since 2017 as an indicator of cumulative surplus or deficit, for each microwatershed",,mm
855,filtered_delta_g_fortnight_uid,Hydrology,2020-01-13,2020-01-13,,"fortnightly mean precipitation (in mm), runoff (in mm), evapotranspiration (in mm), water balance (in mm), and cumulative water balance since 2017 as an indicator of cumulative surplus or deficit, for each microwatershed",,mm
856,filtered_delta_g_fortnight_uid,Hydrology,2020-04-06,2020-04-06,,"fortnightly mean precipitation (in mm), runoff (in mm), evapotranspiration (in mm), water balance (in mm), and cumulative water balance since 2017 as an indicator of cumulative surplus or deficit, for each microwatershed",,mm
857,filtered_delta_g_fortnight_uid,Hydrology,2024-05-18,2024-05-18,,"fortnightly mean precipitation (in mm), runoff (in mm), evapotranspiration (in mm), water balance (in mm), and cumulative water balance since 2017 as an indicator of cumulative surplus or deficit, for each microwatershed",,mm
858,filtered_delta_g_fortnight_uid,Hydrology,2019-08-26,2019-08-26,,"fortnightly mean precipitation (in mm), runoff (in mm), evapotranspiration (in mm), water balance (in mm), and cumulative water balance since 2017 as an indicator of cumulative surplus or deficit, for each microwatershed",,mm
859,filtered_delta_g_fortnight_uid,Hydrology,2024-02-24,2024-02-24,,"fortnightly mean precipitation (in mm), runoff (in mm), evapotranspiration (in mm), water balance (in mm), and cumulative water balance since 2017 as an indicator of cumulative surplus or deficit, for each microwatershed",,mm
860,filtered_delta_g_fortnight_uid,Hydrology,2019-03-10,2019-03-10,,"fortnightly mean precipitation (in mm), runoff (in mm), evapotranspiration (in mm), water balance (in mm), and cumulative water balance since 2017 as an indicator of cumulative surplus or deficit, for each microwatershed",,mm
861,filtered_delta_g_fortnight_uid,Hydrology,2021-12-02,2021-12-02,,"fortnightly mean precipitation (in mm), runoff (in mm), evapotranspiration (in mm), water balance (in mm), and cumulative water balance since 2017 as an indicator of cumulative surplus or deficit, for each microwatershed",,mm
862,filtered_delta_g_fortnight_uid,Hydrology,2019-06-02,2019-06-02,,"fortnightly mean precipitation (in mm), runoff (in mm), evapotranspiration (in mm), water balance (in mm), and cumulative water balance since 2017 as an indicator of cumulative surplus or deficit, for each microwatershed",,mm
863,filtered_delta_g_fortnight_uid,Hydrology,2018-12-30,2018-12-30,,"fortnightly mean precipitation (in mm), runoff (in mm), evapotranspiration (in mm), water balance (in mm), and cumulative water balance since 2017 as an indicator of cumulative surplus or deficit, for each microwatershed",,mm
864,filtered_delta_g_fortnight_uid,Hydrology,2022-05-05,2022-05-05,,"fortnightly mean precipitation (in mm), runoff (in mm), evapotranspiration (in mm), water balance (in mm), and cumulative water balance since 2017 as an indicator of cumulative surplus or deficit, for each microwatershed",,mm
865,filtered_delta_g_fortnight_uid,Hydrology,2021-08-26,2021-08-26,,"fortnightly mean precipitation (in mm), runoff (in mm), evapotranspiration (in mm), water balance (in mm), and cumulative water balance since 2017 as an indicator of cumulative surplus or deficit, for each microwatershed",,mm
866,filtered_delta_g_fortnight_uid,Hydrology,2017-08-12,2017-08-12,,"fortnightly mean precipitation (in mm), runoff (in mm), evapotranspiration (in mm), water balance (in mm), and cumulative water balance since 2017 as an indicator of cumulative surplus or deficit, for each microwatershed",,mm
867,filtered_delta_g_fortnight_uid,Hydrology,2022-07-29,2022-07-29,,"fortnightly mean precipitation (in mm), runoff (in mm), evapotranspiration (in mm), water balance (in mm), and cumulative water balance since 2017 as an indicator of cumulative surplus or deficit, for each microwatershed",,mm
868,filtered_delta_g_fortnight_uid,Hydrology,2021-06-02,2021-06-02,,"fortnightly mean precipitation (in mm), runoff (in mm), evapotranspiration (in mm), water balance (in mm), and cumulative water balance since 2017 as an indicator of cumulative surplus or deficit, for each microwatershed",,mm
869,filtered_delta_g_fortnight_uid,Hydrology,2023-12-16,2023-12-16,,"fortnightly mean precipitation (in mm), runoff (in mm), evapotranspiration (in mm), water balance (in mm), and cumulative water balance since 2017 as an indicator of cumulative surplus or deficit, for each microwatershed",,mm
870,filtered_delta_g_fortnight_uid,Hydrology,2019-12-02,2019-12-02,,"fortnightly mean precipitation (in mm), runoff (in mm), evapotranspiration (in mm), water balance (in mm), and cumulative water balance since 2017 as an indicator of cumulative surplus or deficit, for each microwatershed",,mm
871,filtered_delta_g_fortnight_uid,Hydrology,2017-11-18,2017-11-18,,"fortnightly mean precipitation (in mm), runoff (in mm), evapotranspiration (in mm), water balance (in mm), and cumulative water balance since 2017 as an indicator of cumulative surplus or deficit, for each microwatershed",,mm
872,filtered_delta_g_fortnight_uid,Hydrology,2022-02-10,2022-02-10,,"fortnightly mean precipitation (in mm), runoff (in mm), evapotranspiration (in mm), water balance (in mm), and cumulative water balance since 2017 as an indicator of cumulative surplus or deficit, for each microwatershed",,mm
873,filtered_delta_g_fortnight_uid,Hydrology,2020-12-30,2020-12-30,,"fortnightly mean precipitation (in mm), runoff (in mm), evapotranspiration (in mm), water balance (in mm), and cumulative water balance since 2017 as an indicator of cumulative surplus or deficit, for each microwatershed",,mm
874,filtered_delta_g_fortnight_uid,Hydrology,2023-12-30,2023-12-30,,"fortnightly mean precipitation (in mm), runoff (in mm), evapotranspiration (in mm), water balance (in mm), and cumulative water balance since 2017 as an indicator of cumulative surplus or deficit, for each microwatershed",,mm
875,filtered_delta_g_fortnight_uid,Hydrology,2018-04-07,2018-04-07,,"fortnightly mean precipitation (in mm), runoff (in mm), evapotranspiration (in mm), water balance (in mm), and cumulative water balance since 2017 as an indicator of cumulative surplus or deficit, for each microwatershed",,mm
876,filtered_delta_g_fortnight_uid,Hydrology,2021-02-24,2021-02-24,,"fortnightly mean precipitation (in mm), runoff (in mm), evapotranspiration (in mm), water balance (in mm), and cumulative water balance since 2017 as an indicator of cumulative surplus or deficit, for each microwatershed",,mm
877,filtered_delta_g_fortnight_uid,Hydrology,2022-01-27,2022-01-27,,"fortnightly mean precipitation (in mm), runoff (in mm), evapotranspiration (in mm), water balance (in mm), and cumulative water balance since 2017 as an indicator of cumulative surplus or deficit, for each microwatershed",,mm
878,filtered_delta_g_fortnight_uid,Hydrology,2020-12-16,2020-12-16,,"fortnightly mean precipitation (in mm), runoff (in mm), evapotranspiration (in mm), water balance (in mm), and cumulative water balance since 2017 as an indicator of cumulative surplus or deficit, for each microwatershed",,mm
879,filtered_delta_g_fortnight_uid,Hydrology,2023-01-13,2023-01-13,,"fortnightly mean precipitation (in mm), runoff (in mm), evapotranspiration (in mm), water balance (in mm), and cumulative water balance since 2017 as an indicator of cumulative surplus or deficit, for each microwatershed",,mm
880,filtered_delta_g_fortnight_uid,Hydrology,2022-10-21,2022-10-21,,"fortnightly mean precipitation (in mm), runoff (in mm), evapotranspiration (in mm), water balance (in mm), and cumulative water balance since 2017 as an indicator of cumulative surplus or deficit, for each microwatershed",,mm
881,filtered_delta_g_fortnight_uid,Hydrology,2020-07-01,2020-07-01,,"fortnightly mean precipitation (in mm), runoff (in mm), evapotranspiration (in mm), water balance (in mm), and cumulative water balance since 2017 as an indicator of cumulative surplus or deficit, for each microwatershed",,mm
882,filtered_delta_g_fortnight_uid,Hydrology,2023-04-07,2023-04-07,,"fortnightly mean precipitation (in mm), runoff (in mm), evapotranspiration (in mm), water balance (in mm), and cumulative water balance since 2017 as an indicator of cumulative surplus or deficit, for each microwatershed",,mm
883,filtered_delta_g_fortnight_uid,Hydrology,2018-01-13,2018-01-13,,"fortnightly mean precipitation (in mm), runoff (in mm), evapotranspiration (in mm), water balance (in mm), and cumulative water balance since 2017 as an indicator of cumulative surplus or deficit, for each microwatershed",,mm
884,filtered_delta_g_fortnight_uid,Hydrology,2020-09-23,2020-09-23,,"fortnightly mean precipitation (in mm), runoff (in mm), evapotranspiration (in mm), water balance (in mm), and cumulative water balance since 2017 as an indicator of cumulative surplus or deficit, for each microwatershed",,mm
885,filtered_delta_g_fortnight_uid,Hydrology,2018-09-23,2018-09-23,,"fortnightly mean precipitation (in mm), runoff (in mm), evapotranspiration (in mm), water balance (in mm), and cumulative water balance since 2017 as an indicator of cumulative surplus or deficit, for each microwatershed",,mm
886,filtered_delta_g_fortnight_uid,Hydrology,2023-07-01,2023-07-01,,"fortnightly mean precipitation (in mm), runoff (in mm), evapotranspiration (in mm), water balance (in mm), and cumulative water balance since 2017 as an indicator of cumulative surplus or deficit, for each microwatershed",,mm
887,filtered_delta_g_fortnight_uid,Hydrology,2019-09-09,2019-09-09,,"fortnightly mean precipitation (in mm), runoff (in mm), evapotranspiration (in mm), water balance (in mm), and cumulative water balance since 2017 as an indicator of cumulative surplus or deficit, for each microwatershed",,mm
888,filtered_delta_g_fortnight_uid,Hydrology,2019-06-16,2019-06-16,,"fortnightly mean precipitation (in mm), runoff (in mm), evapotranspiration (in mm), water balance (in mm), and cumulative water balance since 2017 as an indicator of cumulative surplus or deficit, for each microwatershed",,mm
889,filtered_delta_g_fortnight_uid,Hydrology,2018-07-01,2018-07-01,,"fortnightly mean precipitation (in mm), runoff (in mm), evapotranspiration (in mm), water balance (in mm), and cumulative water balance since 2017 as an indicator of cumulative surplus or deficit, for each microwatershed",,mm
890,filtered_delta_g_fortnight_uid,Hydrology,2019-03-24,2019-03-24,,"fortnightly mean precipitation (in mm), runoff (in mm), evapotranspiration (in mm), water balance (in mm), and cumulative water balance since 2017 as an indicator of cumulative surplus or deficit, for each microwatershed",,mm
891,filtered_delta_g_fortnight_uid,Hydrology,2019-12-16,2019-12-16,,"fortnightly mean precipitation (in mm), runoff (in mm), evapotranspiration (in mm), water balance (in mm), and cumulative water balance since 2017 as an indicator of cumulative surplus or deficit, for each microwatershed",,mm
892,filtered_delta_g_fortnight_uid,Hydrology,2023-09-23,2023-09-23,,"fortnightly mean precipitation (in mm), runoff (in mm), evapotranspiration (in mm), water balance (in mm), and cumulative water balance since 2017 as an indicator of cumulative surplus or deficit, for each microwatershed",,mm
893,filtered_delta_g_fortnight_uid,Hydrology,2018-10-07,2018-10-07,,"fortnightly mean precipitation (in mm), runoff (in mm), evapotranspiration (in mm), water balance (in mm), and cumulative water balance since 2017 as an indicator of cumulative surplus or deficit, for each microwatershed",,mm
894,filtered_delta_g_fortnight_uid,Hydrology,2022-07-15,2022-07-15,,"fortnightly mean precipitation (in mm), runoff (in mm), evapotranspiration (in mm), water balance (in mm), and cumulative water balance since 2017 as an indicator of cumulative surplus or deficit, for each microwatershed",,mm
895,filtered_delta_g_fortnight_uid,Hydrology,2021-06-16,2021-06-16,,"fortnightly mean precipitation (in mm), runoff (in mm), evapotranspiration (in mm), water balance (in mm), and cumulative water balance since 2017 as an indicator of cumulative surplus or deficit, for each microwatershed",,mm
896,filtered_delta_g_fortnight_uid,Hydrology,2023-10-07,2023-10-07,,"fortnightly mean precipitation (in mm), runoff (in mm), evapotranspiration (in mm), water balance (in mm), and cumulative water balance since 2017 as an indicator of cumulative surplus or deficit, for each microwatershed",,mm
897,filtered_delta_g_fortnight_uid,Hydrology,2022-04-21,2022-04-21,,"fortnightly mean precipitation (in mm), runoff (in mm), evapotranspiration (in mm), water balance (in mm), and cumulative water balance since 2017 as an indicator of cumulative surplus or deficit, for each microwatershed",,mm
898,filtered_delta_g_fortnight_uid,Hydrology,2021-09-09,2021-09-09,,"fortnightly mean precipitation (in mm), runoff (in mm), evapotranspiration (in mm), water balance (in mm), and cumulative water balance since 2017 as an indicator of cumulative surplus or deficit, for each microwatershed",,mm
899,filtered_delta_g_fortnight_uid,Hydrology,2021-03-24,2021-03-24,,"fortnightly mean precipitation (in mm), runoff (in mm), evapotranspiration (in mm), water balance (in mm), and cumulative water balance since 2017 as an indicator of cumulative surplus or deficit, for each microwatershed",,mm
900,filtered_delta_g_fortnight_uid,Hydrology,2020-08-26,2020-08-26,,"fortnightly mean precipitation (in mm), runoff (in mm), evapotranspiration (in mm), water balance (in mm), and cumulative water balance since 2017 as an indicator of cumulative surplus or deficit, for each microwatershed",,mm
901,filtered_delta_g_fortnight_uid,Hydrology,2017-07-15,2017-07-15,,"fortnightly mean precipitation (in mm), runoff (in mm), evapotranspiration (in mm), water balance (in mm), and cumulative water balance since 2017 as an indicator of cumulative surplus or deficit, for each microwatershed",,mm
902,filtered_delta_g_fortnight_uid,Hydrology,2023-10-21,2023-10-21,,"fortnightly mean precipitation (in mm), runoff (in mm), evapotranspiration (in mm), water balance (in mm), and cumulative water balance since 2017 as an indicator of cumulative surplus or deficit, for each microwatershed",,mm
903,filtered_delta_g_fortnight_uid,Hydrology,2022-05-19,2022-05-19,,"fortnightly mean precipitation (in mm), runoff (in mm), evapotranspiration (in mm), water balance (in mm), and cumulative water balance since 2017 as an indicator of cumulative surplus or deficit, for each microwatershed",,mm
904,filtered_delta_g_fortnight_uid,Hydrology,2019-01-13,2019-01-13,,"fortnightly mean precipitation (in mm), runoff (in mm), evapotranspiration (in mm), water balance (in mm), and cumulative water balance since 2017 as an indicator of cumulative surplus or deficit, for each microwatershed",,mm
905,filtered_delta_g_fortnight_uid,Hydrology,2023-01-27,2023-01-27,,"fortnightly mean precipitation (in mm), runoff (in mm), evapotranspiration (in mm), water balance (in mm), and cumulative water balance since 2017 as an indicator of cumulative surplus or deficit, for each microwatershed",,mm
906,filtered_delta_g_fortnight_uid,Hydrology,2018-02-10,2018-02-10,,"fortnightly mean precipitation (in mm), runoff (in mm), evapotranspiration (in mm), water balance (in mm), and cumulative water balance since 2017 as an indicator of cumulative surplus or deficit, for each microwatershed",,mm
907,filtered_delta_g_fortnight_uid,Hydrology,2024-02-10,2024-02-10,,"fortnightly mean precipitation (in mm), runoff (in mm), evapotranspiration (in mm), water balance (in mm), and cumulative water balance since 2017 as an indicator of cumulative surplus or deficit, for each microwatershed",,mm
908,filtered_delta_g_fortnight_uid,Hydrology,2019-09-23,2019-09-23,,"fortnightly mean precipitation (in mm), runoff (in mm), evapotranspiration (in mm), water balance (in mm), and cumulative water balance since 2017 as an indicator of cumulative surplus or deficit, for each microwatershed",,mm
909,filtered_delta_g_fortnight_uid,Hydrology,2024-05-04,2024-05-04,,"fortnightly mean precipitation (in mm), runoff (in mm), evapotranspiration (in mm), water balance (in mm), and cumulative water balance since 2017 as an indicator of cumulative surplus or deficit, for each microwatershed",,mm
910,filtered_delta_g_fortnight_uid,Hydrology,2021-11-04,2021-11-04,,"fortnightly mean precipitation (in mm), runoff (in mm), evapotranspiration (in mm), water balance (in mm), and cumulative water balance since 2017 as an indicator of cumulative surplus or deficit, for each microwatershed",,mm
911,filtered_delta_g_fortnight_uid,Hydrology,2020-06-01,2020-06-01,,"fortnightly mean precipitation (in mm), runoff (in mm), evapotranspiration (in mm), water balance (in mm), and cumulative water balance since 2017 as an indicator of cumulative surplus or deficit, for each microwatershed",,mm
912,filtered_delta_g_fortnight_uid,Hydrology,2018-07-29,2018-07-29,,"fortnightly mean precipitation (in mm), runoff (in mm), evapotranspiration (in mm), water balance (in mm), and cumulative water balance since 2017 as an indicator of cumulative surplus or deficit, for each microwatershed",,mm
913,filtered_delta_g_fortnight_uid,Hydrology,2018-05-05,2018-05-05,,"fortnightly mean precipitation (in mm), runoff (in mm), evapotranspiration (in mm), water balance (in mm), and cumulative water balance since 2017 as an indicator of cumulative surplus or deficit, for each microwatershed",,mm
914,filtered_delta_g_fortnight_uid,Hydrology,2022-08-12,2022-08-12,,"fortnightly mean precipitation (in mm), runoff (in mm), evapotranspiration (in mm), water balance (in mm), and cumulative water balance since 2017 as an indicator of cumulative surplus or deficit, for each microwatershed",,mm
915,filtered_delta_g_fortnight_uid,Hydrology,2023-07-15,2023-07-15,,"fortnightly mean precipitation (in mm), runoff (in mm), evapotranspiration (in mm), water balance (in mm), and cumulative water balance since 2017 as an indicator of cumulative surplus or deficit, for each microwatershed",,mm
916,filtered_delta_g_fortnight_uid,Hydrology,2019-10-07,2019-10-07,,"fortnightly mean precipitation (in mm), runoff (in mm), evapotranspiration (in mm), water balance (in mm), and cumulative water balance since 2017 as an indicator of cumulative surplus or deficit, for each microwatershed",,mm
917,filtered_delta_g_fortnight_uid,Hydrology,2017-10-21,2017-10-21,,"fortnightly mean precipitation (in mm), runoff (in mm), evapotranspiration (in mm), water balance (in mm), and cumulative water balance since 2017 as an indicator of cumulative surplus or deficit, for each microwatershed",,mm
918,filtered_delta_g_fortnight_uid,Hydrology,2023-04-21,2023-04-21,,"fortnightly mean precipitation (in mm), runoff (in mm), evapotranspiration (in mm), water balance (in mm), and cumulative water balance since 2017 as an indicator of cumulative surplus or deficit, for each microwatershed",,mm
919,filtered_delta_g_fortnight_uid,Hydrology,2022-11-18,2022-11-18,,"fortnightly mean precipitation (in mm), runoff (in mm), evapotranspiration (in mm), water balance (in mm), and cumulative water balance since 2017 as an indicator of cumulative surplus or deficit, for each microwatershed",,mm
920,filtered_delta_g_fortnight_uid,Hydrology,2019-04-07,2019-04-07,,"fortnightly mean precipitation (in mm), runoff (in mm), evapotranspiration (in mm), water balance (in mm), and cumulative water balance since 2017 as an indicator of cumulative surplus or deficit, for each microwatershed",,mm
921,filtered_delta_g_fortnight_uid,Hydrology,2020-03-09,2020-03-09,,"fortnightly mean precipitation (in mm), runoff (in mm), evapotranspiration (in mm), water balance (in mm), and cumulative water balance since 2017 as an indicator of cumulative surplus or deficit, for each microwatershed",,mm
922,filtered_delta_g_fortnight_uid,Hydrology,2018-11-04,2018-11-04,,"fortnightly mean precipitation (in mm), runoff (in mm), evapotranspiration (in mm), water balance (in mm), and cumulative water balance since 2017 as an indicator of cumulative surplus or deficit, for each microwatershed",,mm
923,filtered_delta_g_fortnight_uid,Hydrology,2021-05-19,2021-05-19,,"fortnightly mean precipitation (in mm), runoff (in mm), evapotranspiration (in mm), water balance (in mm), and cumulative water balance since 2017 as an indicator of cumulative surplus or deficit, for each microwatershed",,mm
924,filtered_delta_g_fortnight_uid,Hydrology,2020-06-15,2020-06-15,,"fortnightly mean precipitation (in mm), runoff (in mm), evapotranspiration (in mm), water balance (in mm), and cumulative water balance since 2017 as an indicator of cumulative surplus or deficit, for each microwatershed",,mm
925,filtered_delta_g_fortnight_uid,Hydrology,2017-07-29,2017-07-29,,"fortnightly mean precipitation (in mm), runoff (in mm), evapotranspiration (in mm), water balance (in mm), and cumulative water balance since 2017 as an indicator of cumulative surplus or deficit, for each microwatershed",,mm
926,filtered_delta_g_fortnight_uid,Hydrology,2020-03-23,2020-03-23,,"fortnightly mean precipitation (in mm), runoff (in mm), evapotranspiration (in mm), water balance (in mm), and cumulative water balance since 2017 as an indicator of cumulative surplus or deficit, for each microwatershed",,mm
927,filtered_delta_g_fortnight_uid,Hydrology,2019-01-27,2019-01-27,,"fortnightly mean precipitation (in mm), runoff (in mm), evapotranspiration (in mm), water balance (in mm), and cumulative water balance since 2017 as an indicator of cumulative surplus or deficit, for each microwatershed",,mm
928,filtered_delta_g_fortnight_uid,Hydrology,2021-03-10,2021-03-10,,"fortnightly mean precipitation (in mm), runoff (in mm), evapotranspiration (in mm), water balance (in mm), and cumulative water balance since 2017 as an indicator of cumulative surplus or deficit, for each microwatershed",,mm
929,filtered_delta_g_fortnight_uid,Hydrology,2020-09-09,2020-09-09,,"fortnightly mean precipitation (in mm), runoff (in mm), evapotranspiration (in mm), water balance (in mm), and cumulative water balance since 2017 as an indicator of cumulative surplus or deficit, for each microwatershed",,mm
930,filtered_delta_g_fortnight_uid,Hydrology,2024-04-20,2024-04-20,,"fortnightly mean precipitation (in mm), runoff (in mm), evapotranspiration (in mm), water balance (in mm), and cumulative water balance since 2017 as an indicator of cumulative surplus or deficit, for each microwatershed",,mm
931,filtered_delta_g_fortnight_uid,Hydrology,2021-11-18,2021-11-18,,"fortnightly mean precipitation (in mm), runoff (in mm), evapotranspiration (in mm), water balance (in mm), and cumulative water balance since 2017 as an indicator of cumulative surplus or deficit, for each microwatershed",,mm
932,filtered_delta_g_fortnight_uid,Hydrology,2018-07-15,2018-07-15,,"fortnightly mean precipitation (in mm), runoff (in mm), evapotranspiration (in mm), water balance (in mm), and cumulative water balance since 2017 as an indicator of cumulative surplus or deficit, for each microwatershed",,mm
933,filtered_delta_g_fortnight_uid,Hydrology,2018-04-21,2018-04-21,,"fortnightly mean precipitation (in mm), runoff (in mm), evapotranspiration (in mm), water balance (in mm), and cumulative water balance since 2017 as an indicator of cumulative surplus or deficit, for each microwatershed",,mm
934,filtered_delta_g_fortnight_uid,Hydrology,2022-11-04,2022-11-04,,"fortnightly mean precipitation (in mm), runoff (in mm), evapotranspiration (in mm), water balance (in mm), and cumulative water balance since 2017 as an indicator of cumulative surplus or deficit, for each microwatershed",,mm
935,filtered_delta_g_fortnight_uid,Hydrology,2019-07-01,2019-07-01,,"fortnightly mean precipitation (in mm), runoff (in mm), evapotranspiration (in mm), water balance (in mm), and cumulative water balance since 2017 as an indicator of cumulative surplus or deficit, for each microwatershed",,mm
936,filtered_delta_g_fortnight_uid,Hydrology,2023-07-29,2023-07-29,,"fortnightly mean precipitation (in mm), runoff (in mm), evapotranspiration (in mm), water balance (in mm), and cumulative water balance since 2017 as an indicator of cumulative surplus or deficit, for each microwatershed",,mm
937,filtered_delta_g_fortnight_uid,Hydrology,2023-05-05,2023-05-05,,"fortnightly mean precipitation (in mm), runoff (in mm), evapotranspiration (in mm), water balance (in mm), and cumulative water balance since 2017 as an indicator of cumulative surplus or deficit, for each microwatershed",,mm
938,filtered_delta_g_fortnight_uid,Hydrology,2018-10-21,2018-10-21,,"fortnightly mean precipitation (in mm), runoff (in mm), evapotranspiration (in mm), water balance (in mm), and cumulative water balance since 2017 as an indicator of cumulative surplus or deficit, for each microwatershed",,mm
939,filtered_delta_g_fortnight_uid,Hydrology,2024-01-27,2024-01-27,,"fortnightly mean precipitation (in mm), runoff (in mm), evapotranspiration (in mm), water balance (in mm), and cumulative water balance since 2017 as an indicator of cumulative surplus or deficit, for each microwatershed",,mm
940,filtered_delta_g_fortnight_uid,Hydrology,2023-02-10,2023-02-10,,"fortnightly mean precipitation (in mm), runoff (in mm), evapotranspiration (in mm), water balance (in mm), and cumulative water balance since 2017 as an indicator of cumulative surplus or deficit, for each microwatershed",,mm
941,filtered_delta_g_fortnight_uid,Hydrology,2021-08-12,2021-08-12,,"fortnightly mean precipitation (in mm), runoff (in mm), evapotranspiration (in mm), water balance (in mm), and cumulative water balance since 2017 as an indicator of cumulative surplus or deficit, for each microwatershed",,mm
942,filtered_delta_g_fortnight_uid,Hydrology,2017-11-04,2017-11-04,,"fortnightly mean precipitation (in mm), runoff (in mm), evapotranspiration (in mm), water balance (in mm), and cumulative water balance since 2017 as an indicator of cumulative surplus or deficit, for each microwatershed",,mm
943,filtered_delta_g_fortnight_uid,Hydrology,2022-02-24,2022-02-24,,"fortnightly mean precipitation (in mm), runoff (in mm), evapotranspiration (in mm), water balance (in mm), and cumulative water balance since 2017 as an indicator of cumulative surplus or deficit, for each microwatershed",,mm
944,filtered_delta_g_fortnight_uid,Hydrology,2020-12-02,2020-12-02,,"fortnightly mean precipitation (in mm), runoff (in mm), evapotranspiration (in mm), water balance (in mm), and cumulative water balance since 2017 as an indicator of cumulative surplus or deficit, for each microwatershed",,mm
945,filtered_delta_g_fortnight_uid,Hydrology,2019-12-30,2019-12-30,,"fortnightly mean precipitation (in mm), runoff (in mm), evapotranspiration (in mm), water balance (in mm), and cumulative water balance since 2017 as an indicator of cumulative surplus or deficit, for each microwatershed",,mm
946,filtered_delta_g_fortnight_uid,Hydrology,geometry,geometry,,geometry,,NA
947,filtered_delta_g_fortnight_uid,Hydrology,2024-07-01,2024-07-01,,"fortnightly mean precipitation (in mm), runoff (in mm), evapotranspiration (in mm), water balance (in mm), and cumulative water balance since 2017 as an indicator of cumulative surplus or deficit, for each microwatershed",,mm
948,filtered_delta_g_fortnight_uid,Hydrology,2024-07-15,2024-07-15,,"fortnightly mean precipitation (in mm), runoff (in mm), evapotranspiration (in mm), water balance (in mm), and cumulative water balance since 2017 as an indicator of cumulative surplus or deficit, for each microwatershed",,mm
949,filtered_delta_g_fortnight_uid,Hydrology,2024-07-29,2024-07-29,,"fortnightly mean precipitation (in mm), runoff (in mm), evapotranspiration (in mm), water balance (in mm), and cumulative water balance since 2017 as an indicator of cumulative surplus or deficit, for each microwatershed",,mm
950,filtered_delta_g_fortnight_uid,Hydrology,2024-08-12,2024-08-12,,"fortnightly mean precipitation (in mm), runoff (in mm), evapotranspiration (in mm), water balance (in mm), and cumulative water balance since 2017 as an indicator of cumulative surplus or deficit, for each microwatershed",,mm
951,filtered_delta_g_fortnight_uid,Hydrology,2024-08-26,2024-08-26,,"fortnightly mean precipitation (in mm), runoff (in mm), evapotranspiration (in mm), water balance (in mm), and cumulative water balance since 2017 as an indicator of cumulative surplus or deficit, for each microwatershed",,mm
952,filtered_delta_g_fortnight_uid,Hydrology,2024-09-09,2024-09-09,,"fortnightly mean precipitation (in mm), runoff (in mm), evapotranspiration (in mm), water balance (in mm), and cumulative water balance since 2017 as an indicator of cumulative surplus or deficit, for each microwatershed",,mm
953,filtered_delta_g_fortnight_uid,Hydrology,2024-09-23,2024-09-23,,"fortnightly mean precipitation (in mm), runoff (in mm), evapotranspiration (in mm), water balance (in mm), and cumulative water balance since 2017 as an indicator of cumulative surplus or deficit, for each microwatershed",,mm
954,filtered_delta_g_fortnight_uid,Hydrology,2024-10-07,2024-10-07,,"fortnightly mean precipitation (in mm), runoff (in mm), evapotranspiration (in mm), water balance (in mm), and cumulative water balance since 2017 as an indicator of cumulative surplus or deficit, for each microwatershed",,mm
955,filtered_delta_g_fortnight_uid,Hydrology,2024-10-21,2024-10-21,,"fortnightly mean precipitation (in mm), runoff (in mm), evapotranspiration (in mm), water balance (in mm), and cumulative water balance since 2017 as an indicator of cumulative surplus or deficit, for each microwatershed",,mm
956,filtered_delta_g_fortnight_uid,Hydrology,2024-11-04,2024-11-04,,"fortnightly mean precipitation (in mm), runoff (in mm), evapotranspiration (in mm), water balance (in mm), and cumulative water balance since 2017 as an indicator of cumulative surplus or deficit, for each microwatershed",,mm
957,filtered_delta_g_fortnight_uid,Hydrology,2024-11-18,2024-11-18,,"fortnightly mean precipitation (in mm), runoff (in mm), evapotranspiration (in mm), water balance (in mm), and cumulative water balance since 2017 as an indicator of cumulative surplus or deficit, for each microwatershed",,mm
958,filtered_delta_g_fortnight_uid,Hydrology,2024-12-02,2024-12-02,,"fortnightly mean precipitation (in mm), runoff (in mm), evapotranspiration (in mm), water balance (in mm), and cumulative water balance since 2017 as an indicator of cumulative surplus or deficit, for each microwatershed",,mm
959,filtered_delta_g_fortnight_uid,Hydrology,2024-12-16,2024-12-16,,"fortnightly mean precipitation (in mm), runoff (in mm), evapotranspiration (in mm), water balance (in mm), and cumulative water balance since 2017 as an indicator of cumulative surplus or deficit, for each microwatershed",,mm
960,filtered_delta_g_fortnight_uid,Hydrology,2024-12-30,2024-12-30,,"fortnightly mean precipitation (in mm), runoff (in mm), evapotranspiration (in mm), water balance (in mm), and cumulative water balance since 2017 as an indicator of cumulative surplus or deficit, for each microwatershed",,mm
961,filtered_delta_g_fortnight_uid,Hydrology,2025-01-13,2025-01-13,,"fortnightly mean precipitation (in mm), runoff (in mm), evapotranspiration (in mm), water balance (in mm), and cumulative water balance since 2017 as an indicator of cumulative surplus or deficit, for each microwatershed",,mm
962,filtered_delta_g_fortnight_uid,Hydrology,2025-01-27,2025-01-27,,"fortnightly mean precipitation (in mm), runoff (in mm), evapotranspiration (in mm), water balance (in mm), and cumulative water balance since 2017 as an indicator of cumulative surplus or deficit, for each microwatershed",,mm
963,filtered_delta_g_fortnight_uid,Hydrology,2025-02-10,2025-02-10,,"fortnightly mean precipitation (in mm), runoff (in mm), evapotranspiration (in mm), water balance (in mm), and cumulative water balance since 2017 as an indicator of cumulative surplus or deficit, for each microwatershed",,mm
964,filtered_delta_g_fortnight_uid,Hydrology,2025-02-24,2025-02-24,,"fortnightly mean precipitation (in mm), runoff (in mm), evapotranspiration (in mm), water balance (in mm), and cumulative water balance since 2017 as an indicator of cumulative surplus or deficit, for each microwatershed",,mm
965,filtered_delta_g_fortnight_uid,Hydrology,2025-03-10,2025-03-10,,"fortnightly mean precipitation (in mm), runoff (in mm), evapotranspiration (in mm), water balance (in mm), and cumulative water balance since 2017 as an indicator of cumulative surplus or deficit, for each microwatershed",,mm
966,filtered_delta_g_fortnight_uid,Hydrology,2025-03-24,2025-03-24,,"fortnightly mean precipitation (in mm), runoff (in mm), evapotranspiration (in mm), water balance (in mm), and cumulative water balance since 2017 as an indicator of cumulative surplus or deficit, for each microwatershed",,mm
967,filtered_delta_g_fortnight_uid,Hydrology,2025-04-07,2025-04-07,,"fortnightly mean precipitation (in mm), runoff (in mm), evapotranspiration (in mm), water balance (in mm), and cumulative water balance since 2017 as an indicator of cumulative surplus or deficit, for each microwatershed",,mm
968,filtered_delta_g_fortnight_uid,Hydrology,2025-04-21,2025-04-21,,"fortnightly mean precipitation (in mm), runoff (in mm), evapotranspiration (in mm), water balance (in mm), and cumulative water balance since 2017 as an indicator of cumulative surplus or deficit, for each microwatershed",,mm
969,filtered_delta_g_fortnight_uid,Hydrology,2025-05-05,2025-05-05,,"fortnightly mean precipitation (in mm), runoff (in mm), evapotranspiration (in mm), water balance (in mm), and cumulative water balance since 2017 as an indicator of cumulative surplus or deficit, for each microwatershed",,mm
970,filtered_delta_g_fortnight_uid,Hydrology,2025-05-19,2025-05-19,,"fortnightly mean precipitation (in mm), runoff (in mm), evapotranspiration (in mm), water balance (in mm), and cumulative water balance since 2017 as an indicator of cumulative surplus or deficit, for each microwatershed",,mm
971,filtered_delta_g_fortnight_uid,Hydrology,2025-06-02,2025-06-02,,"fortnightly mean precipitation (in mm), runoff (in mm), evapotranspiration (in mm), water balance (in mm), and cumulative water balance since 2017 as an indicator of cumulative surplus or deficit, for each microwatershed",,mm
972,filtered_delta_g_fortnight_uid,Hydrology,2025-06-16,2025-06-16,,"fortnightly mean precipitation (in mm), runoff (in mm), evapotranspiration (in mm), water balance (in mm), and cumulative water balance since 2017 as an indicator of cumulative surplus or deficit, for each microwatershed",,mm
973,nrega_assets,NREGA Assets,FID,FID,,identifier,,NA
974,nrega_assets,NREGA Assets,the_geom,the_geom,,geometry,,NA
975,nrega_assets,NREGA Assets,State,State,,state name ,,NA
976,nrega_assets,NREGA Assets,District,District,,district name ,,NA
977,nrega_assets,NREGA Assets,Block,Block,,block name,,NA
978,nrega_assets,NREGA Assets,Asset ID,Asset ID,,unique id assigned by the NREGA officials for each asset,,NA
979,nrega_assets,NREGA Assets,Work Code,Work Code,,unique work code assigned to each work (there can be multiple works for each asset),,NA
980,nrega_assets,NREGA Assets,image_path,image_path,,path to the first image uploaded of the work,,NA
981,nrega_assets,NREGA Assets,image_pa_1,image_pa_1,,path to the second image uploaded of the work,,NA
982,nrega_assets,NREGA Assets,observer_n,observer_n,,name of the observer,,NA
983,nrega_assets,NREGA Assets,Gram_panch,Gram_panch,,name of the gram panchayat as per Bhuvan data,,NA
984,nrega_assets,NREGA Assets,creation_t,creation_t,,time of creation of asset,,NA
985,nrega_assets,NREGA Assets,lat,lat,,latitude of the location of work,,degrees
986,nrega_assets,NREGA Assets,lon,lon,,longitude of the location of work,,degrees
987,nrega_assets,NREGA Assets,Panchayat_,Panchayat_,,unique identifier of the panchayat,,NA
988,nrega_assets,NREGA Assets,Panchayat,Panchayat,,name of the panchayat as per MIS data,,NA
989,nrega_assets,NREGA Assets,Asset Name,Asset Name,,name of the asset,,NA
990,nrega_assets,NREGA Assets,Work Name,Work Name,,name of the work,,NA
991,nrega_assets,NREGA Assets,Work Type,Work Type,,type of the work,,NA
992,nrega_assets,NREGA Assets,Estimated,Estimated,,estimated cost before the start of work ,,INR
993,nrega_assets,NREGA Assets,Start Loca,Start Loca,,location (name) where the work has been started ,,NA
994,nrega_assets,NREGA Assets,End Locati,End Locati,,location (name) where the work has been ended,,NA
995,nrega_assets,NREGA Assets,Unskilled,Unskilled,,expenditure of unskilled labour,,INR
996,nrega_assets,NREGA Assets,Semi-Skill,Semi-Skill,,expenditure of semi-skilled labour,,INR
997,nrega_assets,NREGA Assets,Skilled,Skilled,,expenditure of skilled labour,,INR
998,nrega_assets,NREGA Assets,Material,Material,,expenditure on the material,,INR
999,nrega_assets,NREGA Assets,Total_Expe,Total_Expe,,total expenditure of the work,,INR
1000,nrega_assets,NREGA Assets,Unskilled_,Unskilled_,,total persondays employment provided to unskilled labour,,count
1001,nrega_assets,NREGA Assets,Semi-ski_1,Semi-ski_1,,total persondays employment provided to semi-skilled labour,,count
1002,nrega_assets,NREGA Assets,Total_pers,Total_pers,,total persondays employment provided,,NA
1003,nrega_assets,NREGA Assets,Unskille_1,Unskille_1,,number of unskilled persons involved in the work,,count
1004,nrega_assets,NREGA Assets,Semi-ski_2,Semi-ski_2,,number of semi-skilled persons involved in the work,,count
1005,nrega_assets,NREGA Assets,Total_pe_1,Total_pe_1,,number of skilled persons involved in the work,,count
1006,nrega_assets,NREGA Assets,Work_start,Work_start,,start date of the work,,NA
1007,nrega_assets,NREGA Assets,HyperLink,HyperLink,,hyperlink of the NREGA website from where the work details were fetched,,NA
1008,nrega_assets,NREGA Assets,WorkCatego,WorkCatego,,work category,,NA
1009,panchayat_boundaries_vector,,ADI 2011,ADI 2011,,Aggregate Development Index (2011),few columns names are same updated from admin boundary column descripton,dimensionless
1010,panchayat_boundaries_vector,,ADI 2019,ADI 2019,,Aggregate Development Index (2019),,dimensionless
1011,panchayat_boundaries_vector,,District c,District c,,district census code,,NA
1012,panchayat_boundaries_vector,,District n,District n,,district name ,,NA
1013,panchayat_boundaries_vector,,Female_Ill,Female_Ill,,illiterate female population,,count
1014,panchayat_boundaries_vector,,Female_Lit,Female_Lit,,literate female population,,count
1015,panchayat_boundaries_vector,,Female_SC_,Female_SC_,,SC female population,,count
1016,panchayat_boundaries_vector,,Female_ST_,Female_ST_,,ST female population,,count
1017,panchayat_boundaries_vector,,Male_Illit,Male_Illit,,illiterate male population,,count
1018,panchayat_boundaries_vector,,Male_Liter,Male_Liter,,literate male population,,count
1019,panchayat_boundaries_vector,,Male_SC_Po,Male_SC_Po,,SC male population,,count
1020,panchayat_boundaries_vector,,Male_ST_Po,Male_ST_Po,,ST male population,,count
1021,panchayat_boundaries_vector,,Number_of_,Number_of_,,,,NA
1022,panchayat_boundaries_vector,,Panchaya_1,Panchaya_1,,,,NA
1023,panchayat_boundaries_vector,,Panchayat_,Panchayat_,,,,NA
1024,panchayat_boundaries_vector,,State cens,State cens,,state census code,,NA
1025,panchayat_boundaries_vector,,State name,State name,,state name ,,NA
1026,panchayat_boundaries_vector,,Subdistric,Subdistric,,,,NA
1027,panchayat_boundaries_vector,,Sudistrict,Sudistrict,,,,NA
1028,panchayat_boundaries_vector,,Total_Fema,Total_Fema,,total female population ,,count
1029,panchayat_boundaries_vector,,Total_Illi,Total_Illi,,total illliterate population,,count
1030,panchayat_boundaries_vector,,Total_Lite,Total_Lite,,total literate population,,count
1031,panchayat_boundaries_vector,,Total_Male,Total_Male,,total male population ,,count
1032,panchayat_boundaries_vector,,Total_Popu,Total_Popu,,total population ,,count
1033,panchayat_boundaries_vector,,Total_SC_P,Total_SC_P,,total SC population ,,count
1034,panchayat_boundaries_vector,,Total_ST_P,Total_ST_P,,total ST population ,,count
1035,panchayat_boundaries_vector,,layer,layer,,,,NA
1036,panchayat_boundaries_vector,,path,path,,,,NA
1037,tehsil_boundaries_vector,,District,District,,district name ,,NA
1038,tehsil_boundaries_vector,,STATE,STATE,,state name ,,NA
1039,tehsil_boundaries_vector,,Shape_Area,Shape_Area,,shape area,,ha
1040,tehsil_boundaries_vector,,Shape_Leng,Shape_Leng,,shape length,,NA
1041,tehsil_boundaries_vector,,TEHSIL,TEHSIL,,tehsil name ,,NA
1042,village_boundaries_vector,,ADI 2011,ADI 2011,,Aggregate Development Index (2011),,dimensionless
1043,village_boundaries_vector,,ADI 2019,ADI 2019,,Aggregate Development Index (2019),,dimensionless
1044,village_boundaries_vector,,Block Name,Block Name,,block name ,,NA
1045,village_boundaries_vector,,District N,District N,,district name ,,NA
1046,village_boundaries_vector,,Female_Ill,Female_Ill,,illiterate female population,,count
1047,village_boundaries_vector,,Female_Lit,Female_Lit,,literate female population,,count
1048,village_boundaries_vector,,Female_SC_,Female_SC_,,female SC population ,,count
1049,village_boundaries_vector,,Female_ST_,Female_ST_,,female ST population ,,count
1050,village_boundaries_vector,,Male_Illit,Male_Illit,,male illeterate population ,,count
1051,village_boundaries_vector,,Male_Liter,Male_Liter,,male literate population ,,count
1052,village_boundaries_vector,,Male_SC_Po,Male_SC_Po,,male SC population ,,count
1053,village_boundaries_vector,,Male_ST_Po,Male_ST_Po,,male ST population ,,count
1054,village_boundaries_vector,,Number_of_,Number_of_,,,,NA
1055,village_boundaries_vector,,State Name,State Name,,state name ,,NA
1056,village_boundaries_vector,,Total_Fema,Total_Fema,,total female population ,,count
1057,village_boundaries_vector,,Total_Illi,Total_Illi,,total illeterate population ,,count
1058,village_boundaries_vector,,Total_Lite,Total_Lite,,total literate population ,,count
1059,village_boundaries_vector,,Total_Male,Total_Male,,total male population ,,count
1060,village_boundaries_vector,,Total_Popu,Total_Popu,,total population ,,count
1061,village_boundaries_vector,,Total_SC_P,Total_SC_P,,total SC population ,,count
1062,village_boundaries_vector,,Total_ST_P,Total_ST_P,,total ST population ,,count
1063,village_boundaries_vector,,Village ID,Village ID,,village ID,,NA
1064,village_boundaries_vector,,Village Na,Village Na,,village name ,,NA
1065,village_boundaries_vector,,layer,layer,,name of layer,,NA
1066,village_boundaries_vector,,path,path,,file source path,,NA
1067,biogeographic_zones_vector,,__mlocate_,__mlocate_,,,,NA
1068,biogeographic_zones_vector,,__mlocate0,__mlocate0,,,,NA
1069,biogeographic_zones_vector,,__mlocate1,__mlocate1,,,,NA
1070,biogeographic_zones_vector,,__mlocate2,__mlocate2,,,,NA
1071,biogeographic_zones_vector,,__mlocate3,__mlocate3,,,,NA
1072,biogeographic_zones_vector,,__mlocate4,__mlocate4,,,,NA
1073,biogeographic_zones_vector,,__mlocate5,__mlocate5,,,,NA
1074,biogeographic_zones_vector,,__mlocate6,__mlocate6,,,,NA
1075,biogeographic_zones_vector,,__mlocate7,__mlocate7,,,,NA
1076,biogeographic_zones_vector,,__mlocate8,__mlocate8,,,,NA
1077,biogeographic_zones_vector,,prov_code,prov_code,,"code for biogeographic provinces inside each zone (10A,10B,1A,1B etc )",,NA
1078,biogeographic_zones_vector,,biogeozone,biogeozone,,"represents biographic zone (Himalaya,Trans-Himalaya,Deccan Peninsula,Desert,Islands etc.)",,NA
1079,biogeographic_zones_vector,,biogeoprov,biogeoprov,,biogeographic provinces inside each zone,,NA
1080,biogeographic_zones_vector,,zone_code,zone_code,,"code represents each zone (1 → Himalaya
2 → Trans-Himalaya
3 → Desert
4 → Semi-Arid etc.)",,NA
1081,biogeographic_zones_vector,,area_sqkm,area_sqkm,,area in square km ,,km2
1082,lithology_vector,,AGE,AGE,,age ,,NA
1083,lithology_vector,,EDITION_NU,EDITION_NU,,edition number,,NA
1084,lithology_vector,,FORMATION,FORMATION,,formation name ,,NA
1085,lithology_vector,,GROUP_NAME,GROUP_NAME,,group name ,,NA
1086,lithology_vector,,INPUT_CENT,INPUT_CENT,,,,NA
1087,lithology_vector,,INTRUSIVE,INTRUSIVE,,,,NA
1088,lithology_vector,,LITHOLOGIC,LITHOLOGIC,,,,NA
1089,lithology_vector,,MEMBER,MEMBER,,,,NA
1090,lithology_vector,,NEW_GEOM_I,NEW_GEOM_I,,,,NA
1091,lithology_vector,,NOTATION,NOTATION,,,,NA
1092,lithology_vector,,NOTATION12,NOTATION12,,,,NA
1093,lithology_vector,,OBJECTID,OBJECTID,,,,NA
1094,lithology_vector,,SCRIPT,SCRIPT,,,,NA
1095,lithology_vector,,STRATIGRAP,STRATIGRAP,,,,NA
1096,lithology_vector,,SUB_GROUP,SUB_GROUP,,,,NA
1097,lithology_vector,,SUPERGROUP,SUPERGROUP,,,,NA
1098,lithology_vector,,TOPOSHEET_,TOPOSHEET_,,,,NA
1099,lithology_vector,,UID_NOTATI,UID_NOTATI,,,,NA
1100,lithology_vector,,layer,layer,,name of layer,,NA
1101,lithology_vector,,path,path,,file source path,,NA
1102,lithology_vector,,shape_Leng,shape_Leng,,,,NA
1103,lithology_vector,,state,state,,state name,,NA
1104,lithology_vector,,system,system,,,,NA
1105,lithology_vector,,test,test,,,,NA
1106,lithology_vector,,yeild__,yeild__,,groundwater yield classification ,,dimensionless
1107,lithology_vector,,zone_m,zone_m,,zone name ,,m
1108,borewells_vector,,Aquifer,Aquifer,,"geological formation storing/transmitting groundwater (semi-confined,basalt, sandstone,limestone etc)",,NA
1109,borewells_vector,,Block_Name_With_LGD_Code,Block_Name_With_LGD_Code,,block name with local government directory (LGD) code,,NA
1110,borewells_vector,,District_Name_With_LGD_Code,District_Name_With_LGD_Code,,district name with local government directory (LGD) code,,NA
1111,borewells_vector,,GP_Name_With_LGD_Code,GP_Name_With_LGD_Code,,grampanchayat name with local government directory (LGD) code,,NA
1112,borewells_vector,,Latitude,Latitude,,latitude ,,degrees
1113,borewells_vector,,Longitude,Longitude,,longitude,,degrees
1114,borewells_vector,,Post-monsoon_2015 (meters below ground level),Post-monsoon_2015 (meters below ground level),,ground water level data for post monsoon of 2015,,m bgl
1115,borewells_vector,,Post-monsoon_2016 (meters below ground level),Post-monsoon_2016 (meters below ground level),,ground water level data for post monsoon of 2016,,m bgl
1116,borewells_vector,,Post-monsoon_2017 (meters below ground level),Post-monsoon_2017 (meters below ground level),,ground water level data for post monsoon of 2017,,m bgl
1117,borewells_vector,,Post-monsoon_2018 (meters below ground level),Post-monsoon_2018 (meters below ground level),,ground water level data for post monsoon of 2018,,m bgl
1118,borewells_vector,,Post-monsoon_2019 (meters below ground level),Post-monsoon_2019 (meters below ground level),,ground water level data for post monsoon of 2019,,m bgl
1119,borewells_vector,,Post-monsoon_2020 (meters below ground level),Post-monsoon_2020 (meters below ground level),,ground water level data for post monsoon of 2020,,m bgl
1120,borewells_vector,,Post-monsoon_2021 (meters below ground level),Post-monsoon_2021 (meters below ground level),,ground water level data for post monsoon of 2021,,m bgl
1121,borewells_vector,,Post-monsoon_2022 (meters below ground level),Post-monsoon_2022 (meters below ground level),,ground water level data for post monsoon of 2022,,m bgl
1122,borewells_vector,,Pre-monsoon_2015 (meters below ground level),Pre-monsoon_2015 (meters below ground level),,ground water level data for pre monsoon of 2015,,m bgl
1123,borewells_vector,,Pre-monsoon_2016 (meters below ground level),Pre-monsoon_2016 (meters below ground level),,ground water level data for pre monsoon of 2016,,m bgl
1124,borewells_vector,,Pre-monsoon_2017 (meters below ground level),Pre-monsoon_2017 (meters below ground level),,ground water level data for pre monsoon of 2017,,m bgl
1125,borewells_vector,,Pre-monsoon_2018 (meters below ground level),Pre-monsoon_2018 (meters below ground level),,ground water level data for pre monsoon of 2018,,m bgl
1126,borewells_vector,,Pre-monsoon_2019 (meters below ground level),Pre-monsoon_2019 (meters below ground level),,ground water level data for pre monsoon of 2019,,m bgl
1127,borewells_vector,,Pre-monsoon_2020 (meters below ground level),Pre-monsoon_2020 (meters below ground level),,ground water level data for pre monsoon of 2020,,m bgl
1128,borewells_vector,,Pre-monsoon_2021 (meters below ground level),Pre-monsoon_2021 (meters below ground level),,ground water level data for pre monsoon of 2021,,m bgl
1129,borewells_vector,,Pre-monsoon_2022 (meters below ground level),Pre-monsoon_2022 (meters below ground level),,ground water level data for pre monsoon of 2022,,m bgl
1130,borewells_vector,,SOURCE,SOURCE,,"data source ( CGWB, SGWB, Atal Jal)",,NA
1131,borewells_vector,,Site_Name,Site_Name,,well site name ,,NA
1132,borewells_vector,,Sr No,Sr No,,serial number ,,NA
1133,borewells_vector,,State_Name_With_LGD_Code,State_Name_With_LGD_Code,,state name with local government directory (LGD) code,,NA
1134,borewells_vector,,TYPE,TYPE,,type of well (borewell ),,NA
1135,borewells_vector,,Village,Village,,village name ,,NA
1136,borewells_vector,,Well_Depth (meters),Well_Depth (meters),,well depth in meters,,m
1137,borewells_vector,,Well_ID,Well_ID,,well id,,NA
1138,dugwells_vector,,1994_season1,1994_season1,,ground water level measured during January (post monsoon) 1994,,m bgl
1139,dugwells_vector,,1994_season2,1994_season2,,ground water level measured during March/April/May (pre monsoon) 1994,,m bgl
1140,dugwells_vector,,1994_season3,1994_season3,,ground water level measured during August (post monsoon) 1994,,m bgl
1141,dugwells_vector,,1994_season4,1994_season4,,ground water level measured during November (post monsoon) 1994,,m bgl
1142,dugwells_vector,,1995_season1,1995_season1,,ground water level measured during January (post monsoon) 1995,,m bgl
1143,dugwells_vector,,1995_season2,1995_season2,,ground water level measured during March/April/May (pre monsoon) 1995,,m bgl
1144,dugwells_vector,,1995_season3,1995_season3,,ground water level measured during August (post monsoon) 1995,,m bgl
1145,dugwells_vector,,1995_season4,1995_season4,,ground water level measured during November (post monsoon) 1995,,m bgl
1146,dugwells_vector,,1996_season1,1996_season1,,ground water level measured during January (post monsoon) 1996,,m bgl
1147,dugwells_vector,,1996_season2,1996_season2,,ground water level measured during March/April/May (pre monsoon) 1996,,m bgl
1148,dugwells_vector,,1996_season3,1996_season3,,ground water level measured during August (post monsoon) 1996,,m bgl
1149,dugwells_vector,,1996_season4,1996_season4,,ground water level measured during November (post monsoon) 1996,,m bgl
1150,dugwells_vector,,1997_season1,1997_season1,,ground water level measured during January (post monsoon) 1997,,m bgl
1151,dugwells_vector,,1997_season2,1997_season2,,ground water level measured during March/April/May (pre monsoon) 1997,,m bgl
1152,dugwells_vector,,1997_season3,1997_season3,,ground water level measured during August (post monsoon) 1997,,m bgl
1153,dugwells_vector,,1997_season4,1997_season4,,ground water level measured during November (post monsoon) 1997,,m bgl
1154,dugwells_vector,,1998_season1,1998_season1,,ground water level measured during January (post monsoon) 1998,,m bgl
1155,dugwells_vector,,1998_season2,1998_season2,,ground water level measured during March/April/May (pre monsoon) 1998,,m bgl
1156,dugwells_vector,,1998_season3,1998_season3,,ground water level measured during August (post monsoon) 1998,,m bgl
1157,dugwells_vector,,1998_season4,1998_season4,,ground water level measured during November (post monsoon) 1998,,m bgl
1158,dugwells_vector,,1999_season1,1999_season1,,ground water level measured during January (post monsoon) 1999,,m bgl
1159,dugwells_vector,,1999_season2,1999_season2,,ground water level measured during March/April/May (pre monsoon) 1999,,m bgl
1160,dugwells_vector,,1999_season3,1999_season3,,ground water level measured during August (post monsoon) 1999,,m bgl
1161,dugwells_vector,,1999_season4,1999_season4,,ground water level measured during November (post monsoon) 1999,,m bgl
1162,dugwells_vector,,2000_season1,2000_season1,,ground water level measured during January (post monsoon) 2000,,m bgl
1163,dugwells_vector,,2000_season2,2000_season2,,ground water level measured during March/April/May (pre monsoon) 2000,,m bgl
1164,dugwells_vector,,2000_season3,2000_season3,,ground water level measured during August (post monsoon) 2000,,m bgl
1165,dugwells_vector,,2000_season4,2000_season4,,ground water level measured during November (post monsoon) 2000,,m bgl
1166,dugwells_vector,,2001_season1,2001_season1,,ground water level measured during January (post monsoon) 2001,,m bgl
1167,dugwells_vector,,2001_season2,2001_season2,,ground water level measured during March/April/May (pre monsoon) 2001,,m bgl
1168,dugwells_vector,,2001_season3,2001_season3,,ground water level measured during August (post monsoon) 2001,,m bgl
1169,dugwells_vector,,2001_season4,2001_season4,,ground water level measured during November (post monsoon) 2001,,m bgl
1170,dugwells_vector,,2002_season1,2002_season1,,ground water level measured during January (post monsoon) 2002,,m bgl
1171,dugwells_vector,,2002_season2,2002_season2,,ground water level measured during March/April/May (pre monsoon) 2002,,m bgl
1172,dugwells_vector,,2002_season3,2002_season3,,ground water level measured during August (post monsoon) 2002,,m bgl
1173,dugwells_vector,,2002_season4,2002_season4,,ground water level measured during November (post monsoon) 2002,,m bgl
1174,dugwells_vector,,2003_season1,2003_season1,,ground water level measured during January (post monsoon) 2003,,m bgl
1175,dugwells_vector,,2003_season2,2003_season2,,ground water level measured during March/April/May (pre monsoon) 2003,,m bgl
1176,dugwells_vector,,2003_season3,2003_season3,,ground water level measured during August (post monsoon) 2003,,m bgl
1177,dugwells_vector,,2003_season4,2003_season4,,ground water level measured during November (post monsoon) 2003,,m bgl
1178,dugwells_vector,,2004_season1,2004_season1,,ground water level measured during January (post monsoon) 2004,,m bgl
1179,dugwells_vector,,2004_season2,2004_season2,,ground water level measured during March/April/May (pre monsoon) 2004,,m bgl
1180,dugwells_vector,,2004_season3,2004_season3,,ground water level measured during August (post monsoon) 2004,,m bgl
1181,dugwells_vector,,2004_season4,2004_season4,,ground water level measured during November (post monsoon) 2004,,m bgl
1182,dugwells_vector,,2005_season1,2005_season1,,ground water level measured during January (post monsoon) 2005,,m bgl
1183,dugwells_vector,,2005_season2,2005_season2,,ground water level measured during March/April/May (pre monsoon) 2005,,m bgl
1184,dugwells_vector,,2005_season3,2005_season3,,ground water level measured during August (post monsoon) 2005,,m bgl
1185,dugwells_vector,,2005_season4,2005_season4,,ground water level measured during November (post monsoon) 2005,,m bgl
1186,dugwells_vector,,2006_season1,2006_season1,,ground water level measured during January (post monsoon) 2006,,m bgl
1187,dugwells_vector,,2006_season2,2006_season2,,ground water level measured during March/April/May (pre monsoon) 2006,,m bgl
1188,dugwells_vector,,2006_season3,2006_season3,,ground water level measured during August (post monsoon) 2006,,m bgl
1189,dugwells_vector,,2006_season4,2006_season4,,ground water level measured during November (post monsoon) 2006,,m bgl
1190,dugwells_vector,,2007_season1,2007_season1,,ground water level measured during January (post monsoon) 2007,,m bgl
1191,dugwells_vector,,2007_season2,2007_season2,,ground water level measured during March/April/May (pre monsoon) 2007,,m bgl
1192,dugwells_vector,,2007_season3,2007_season3,,ground water level measured during August (post monsoon) 2007,,m bgl
1193,dugwells_vector,,2007_season4,2007_season4,,ground water level measured during November (post monsoon) 2007,,m bgl
1194,dugwells_vector,,2008_season1,2008_season1,,ground water level measured during January (post monsoon) 2008,,m bgl
1195,dugwells_vector,,2008_season2,2008_season2,,ground water level measured during March/April/May (pre monsoon) 2008,,m bgl
1196,dugwells_vector,,2008_season3,2008_season3,,ground water level measured during August (post monsoon) 2008,,m bgl
1197,dugwells_vector,,2008_season4,2008_season4,,ground water level measured during November (post monsoon) 2008,,m bgl
1198,dugwells_vector,,2009_season1,2009_season1,,ground water level measured during January (post monsoon) 2009,,m bgl
1199,dugwells_vector,,2009_season2,2009_season2,,ground water level measured during March/April/May (pre monsoon) 2009,,m bgl
1200,dugwells_vector,,2009_season3,2009_season3,,ground water level measured during August (post monsoon) 2009,,m bgl
1201,dugwells_vector,,2009_season4,2009_season4,,ground water level measured during November (post monsoon) 2009,,m bgl
1202,dugwells_vector,,2010_season1,2010_season1,,ground water level measured during January (post monsoon) 2010,,m bgl
1203,dugwells_vector,,2010_season2,2010_season2,,ground water level measured during March/April/May (pre monsoon) 2010,,m bgl
1204,dugwells_vector,,2010_season3,2010_season3,,ground water level measured during August (post monsoon) 2010,,m bgl
1205,dugwells_vector,,2010_season4,2010_season4,,ground water level measured during November (post monsoon) 2010,,m bgl
1206,dugwells_vector,,2011_season1,2011_season1,,ground water level measured during January (post monsoon) 2011,,m bgl
1207,dugwells_vector,,2011_season2,2011_season2,,ground water level measured during March/April/May (pre monsoon) 2011,,m bgl
1208,dugwells_vector,,2011_season3,2011_season3,,ground water level measured during August (post monsoon) 2011,,m bgl
1209,dugwells_vector,,2011_season4,2011_season4,,ground water level measured during November (post monsoon) 2011,,m bgl
1210,dugwells_vector,,2012_season1,2012_season1,,ground water level measured during January (post monsoon) 2012,,m bgl
1211,dugwells_vector,,2012_season2,2012_season2,,ground water level measured during March/April/May (pre monsoon) 2012,,m bgl
1212,dugwells_vector,,2012_season3,2012_season3,,ground water level measured during August (post monsoon) 2012,,m bgl
1213,dugwells_vector,,2012_season4,2012_season4,,ground water level measured during November (post monsoon) 2012,,m bgl
1214,dugwells_vector,,2013_season1,2013_season1,,ground water level measured during January (post monsoon) 2013,,m bgl
1215,dugwells_vector,,2013_season2,2013_season2,,ground water level measured during March/April/May (pre monsoon) 2013,,m bgl
1216,dugwells_vector,,2013_season3,2013_season3,,ground water level measured during August (post monsoon) 2013,,m bgl
1217,dugwells_vector,,2013_season4,2013_season4,,ground water level measured during November (post monsoon) 2013,,m bgl
1218,dugwells_vector,,2014_season1,2014_season1,,ground water level measured during January (post monsoon) 2014,,m bgl
1219,dugwells_vector,,2014_season2,2014_season2,,ground water level measured during March/April/May (pre monsoon) 2014,,m bgl
1220,dugwells_vector,,2014_season3,2014_season3,,ground water level measured during August (post monsoon) 2014,,m bgl
1221,dugwells_vector,,2014_season4,2014_season4,,ground water level measured during November (post monsoon) 2014,,m bgl
1222,dugwells_vector,,2015_season1,2015_season1,,ground water level measured during January (post monsoon) 2015,,m bgl
1223,dugwells_vector,,2015_season2,2015_season2,,ground water level measured during March/April/May (pre monsoon) 2015,,m bgl
1224,dugwells_vector,,2015_season3,2015_season3,,ground water level measured during August (post monsoon) 2015,,m bgl
1225,dugwells_vector,,2015_season4,2015_season4,,ground water level measured during November (post monsoon) 2015,,m bgl
1226,dugwells_vector,,2016_season1,2016_season1,,ground water level measured during January (post monsoon) 2016,,m bgl
1227,dugwells_vector,,2016_season2,2016_season2,,ground water level measured during March/April/May (pre monsoon) 2016,,m bgl
1228,dugwells_vector,,2016_season3,2016_season3,,ground water level measured during August (post monsoon) 2016,,m bgl
1229,dugwells_vector,,2016_season4,2016_season4,,ground water level measured during November (post monsoon) 2016,,m bgl
1230,dugwells_vector,,2017_season1,2017_season1,,ground water level measured during January (post monsoon) 2016,,m bgl
1231,dugwells_vector,,2017_season2,2017_season2,,ground water level measured during March/April/May (pre monsoon) 2017,,m bgl
1232,dugwells_vector,,2017_season3,2017_season3,,ground water level measured during August (post monsoon) 2017,,m bgl
1233,dugwells_vector,,2017_season4,2017_season4,,ground water level measured during November (post monsoon) 2017,,m bgl
1234,dugwells_vector,,2018_season1,2018_season1,,ground water level measured during January (post monsoon) 2018,,m bgl
1235,dugwells_vector,,2018_season2,2018_season2,,ground water level measured during March/April/May (pre monsoon) 2018,,m bgl
1236,dugwells_vector,,2018_season3,2018_season3,,ground water level measured during August (post monsoon) 2018,,m bgl
1237,dugwells_vector,,2018_season4,2018_season4,,ground water level measured during November (post monsoon) 2018,,m bgl
1238,dugwells_vector,,2019_season1,2019_season1,,ground water level measured during January (post monsoon) 2019,,m bgl
1239,dugwells_vector,,2019_season2,2019_season2,,ground water level measured during March/April/May (pre monsoon) 2019,,m bgl
1240,dugwells_vector,,2019_season3,2019_season3,,ground water level measured during August (post monsoon) 2019,,m bgl
1241,dugwells_vector,,2019_season4,2019_season4,,ground water level measured during November (post monsoon) 2019,,m bgl
1242,dugwells_vector,,2020_season1,2020_season1,,ground water level measured during January (post monsoon) 2020,,m bgl
1243,dugwells_vector,,2020_season2,2020_season2,,ground water level measured during March/April/May (pre monsoon) 2020,,m bgl
1244,dugwells_vector,,2020_season3,2020_season3,,ground water level measured during August (post monsoon) 2020,,m bgl
1245,dugwells_vector,,2020_season4,2020_season4,,ground water level measured during November (post monsoon) 2020,,m bgl
1246,dugwells_vector,,2021_season1,2021_season1,,ground water level measured during January (post monsoon) 2021,,m bgl
1247,dugwells_vector,,2021_season2,2021_season2,,ground water level measured during March/April/May (pre monsoon) 2021,,m bgl
1248,dugwells_vector,,2021_season3,2021_season3,,ground water level measured during August (post monsoon) 2021,,m bgl
1249,dugwells_vector,,2021_season4,2021_season4,,ground water level measured during November (post monsoon) 2021,,m bgl
1250,dugwells_vector,,2022_season1,2022_season1,,ground water level measured during January (post monsoon) 2022,,m bgl
1251,dugwells_vector,,2022_season2,2022_season2,,ground water level measured during March/April/May (pre monsoon) 2022,,m bgl
1252,dugwells_vector,,2022_season3,2022_season3,,ground water level measured during August (post monsoon) 2022,,m bgl
1253,dugwells_vector,,2022_season4,2022_season4,,ground water level measured during November (post monsoon) 2022,,m bgl
1254,dugwells_vector,,2023_season1,2023_season1,,ground water level measured during January (post monsoon) 2023,,m bgl
1255,dugwells_vector,,2023_season2,2023_season2,,ground water level measured during March/April/May (pre monsoon) 2023,,m bgl
1256,dugwells_vector,,2023_season3,2023_season3,,ground water level measured during August (post monsoon) 2023,,m bgl
1257,dugwells_vector,,2023_season4,2023_season4,,ground water level measured during November (post monsoon) 2023,,m bgl
1258,dugwells_vector,,objectid,objectid,,object id ,,NA
1259,dugwells_vector,,pointInRegion,pointInRegion,,,,NA
1260,dugwells_vector,,station_id,station_id,,station id,,NA
1261,dugwells_vector,,station_name,station_name,,station name ,,NA
1262,microwatershed_boundaries_v1_vector,,DN,DN,,,,NA
1263,microwatershed_boundaries_v1_vector,,UID,UID,,unique identifier,,NA
1264,microwatershed_boundaries_v1_vector,,area_in_ha,area_in_ha,,area in hectares,,ha
1265,microwatershed_boundaries_v1_vector,,id,id,,id,,NA
1266,microwatershed_boundaries_v1_vector,,uid,uid,,unique identifier,,NA
1267,subbasin_boundaries_vector,,ba_name,ba_name,,"basin area name (Area of Inland drainage in Rajasthan Basin,Area of North Ladakh not draining into Indus Basin etc.)",,ha
1268,subbasin_boundaries_vector,,bacode,bacode,,basin area code ,,ha
1269,subbasin_boundaries_vector,,objectid,objectid,,object id,,NA
1270,subbasin_boundaries_vector,,st_area(sh,st_area(sh,,,,NA
1271,subbasin_boundaries_vector,,st_length(,st_length(,,,,NA
1272,subbasin_boundaries_vector,,sub_basin,sub_basin,,sub basin area name ,,ha
1273,waterbodies_census_vector,,Name,Name,,name of the watershed,,NA
1274,waterbodies_census_vector,,altitudeMo,altitudeMo,,,,NA
1275,waterbodies_census_vector,,area_sqkm,area_sqkm,,area of watershed in sqkm,,km2
1276,waterbodies_census_vector,,bacode,bacode,,basin code ,,NA
1277,waterbodies_census_vector,,begin,begin,,,,NA
1278,waterbodies_census_vector,,descriptio,descriptio,,description text ,,NA
1279,waterbodies_census_vector,,end,end,,,,NA
1280,waterbodies_census_vector,,extrude,extrude,,,,NA
1281,waterbodies_census_vector,,icon,icon,,,,NA
1282,waterbodies_census_vector,,objectid,objectid,,object id,,NA
1283,waterbodies_census_vector,,sbcode,sbcode,,sub-basin code,,NA
1284,waterbodies_census_vector,,tessellate,tessellate,,,,NA
1285,waterbodies_census_vector,,timestamp,timestamp,,timestamp of the feature,,NA
1286,waterbodies_census_vector,,visibility,visibility,,,,NA
1287,waterbodies_census_vector,,wscode,wscode,,watershed code,,NA
1288,waterbodies_census_vector,,wsconc,wsconc,,,,NA
1289,canal_vector,,can_type,can_type,,canal type,,NA
1290,canal_vector,,cancode,cancode,,canal unique code,,NA
1291,canal_vector,,canname,canname,,name of canal ,,NA
1292,canal_vector,,cca,cca,,,,NA
1293,canal_vector,,cn_hdc,cn_hdc,,,,NA
1294,canal_vector,,cn_purp,cn_purp,,,,NA
1295,canal_vector,,cn_ss,cn_ss,,,,NA
1296,canal_vector,,cn_st,cn_st,,,,NA
1297,canal_vector,,cn_type,cn_type,,,,NA
1298,canal_vector,,objectid,objectid,,,,NA
1299,canal_vector,,potential,potential,,,,NA
1300,canal_vector,,prjcode,prjcode,,project code,,NA
1301,canal_vector,,prjname,prjname,,project name ,,NA
1302,canal_vector,,st_length(,st_length(,,,,NA
1303,canal_vector,,state,state,,state name ,,NA
1304,canal_vector,,status_yr,status_yr,,status year,,year
1305,First Census of Water Bodies,,Block/Tehsil Name,Block/Tehsil Name,,block or tehsil name ,few column name description are updated same from swb3 layer description updated above,NA
1306,First Census of Water Bodies,,District Name,District Name,,district name ,,NA
1307,First Census of Water Bodies,,State Name,State Name,,state name ,,NA
1308,First Census of Water Bodies,,Village Name,Village Name,,village name ,,NA
1309,First Census of Water Bodies,,area_encroached_percentage,area_encroached_percentage,,,,percent
1310,First Census of Water Bodies,,basin_name,basin_name,,basin name ,,NA
1311,First Census of Water Bodies,,cca_water_body,cca_water_body,,,,NA
1312,First Census of Water Bodies,,construcion_year,construcion_year,,construction year,,year
1313,First Census of Water Bodies,,construction_cost,construction_cost,,construction cost,,INR
1314,First Census of Water Bodies,,estimated_cost,estimated_cost,,estimated cost,,INR
1315,First Census of Water Bodies,,extent_of_area_covered_by_wua,extent_of_area_covered_by_wua,,area under the coverage of a water user association,,ha
1316,First Census of Water Bodies,,filled_up_storage_name,filled_up_storage_name,,"whether the storage is filled up: Full, Upto 3/4, Upto 1/4, Upto 1/2",,NA
1317,First Census of Water Bodies,,filled_up_storage_space_name,filled_up_storage_space_name,,"description if the storage area has been filled up: Usually filled up, Never filled up, Rarely filled up, Filled up every year",,year
1318,First Census of Water Bodies,,ipc_water_body,ipc_water_body,,,,NA
1319,First Census of Water Bodies,,irrigation_potential_revived,irrigation_potential_revived,,,,NA
1320,First Census of Water Bodies,,ismissing,ismissing,,indicates that if the record has missing data,,boolean
1321,First Census of Water Bodies,,khasra_number,khasra_number,,khasra number,,NA
1322,First Census of Water Bodies,,latitude_dec,latitude_dec,,latitude of the water body (decimal degrees),,degrees
1323,First Census of Water Bodies,,layer,layer,,name of layer,,NA
1324,First Census of Water Bodies,,longitude_dec,longitude_dec,,longitude of the water body (decimal degrees),,degrees
1325,First Census of Water Bodies,,manmade_water_body_type_name,manmade_water_body_type_name,,man made water body name ,,NA
1326,First Census of Water Bodies,,max_depth_water_body_fully_filled,max_depth_water_body_fully_filled,,maximum depth of water body when fully filled,,m
1327,First Census of Water Bodies,,nature_of_storage,nature_of_storage,,nature of storage ,,NA
1328,First Census of Water Bodies,,no_people_benefited_by_water_body,no_people_benefited_by_water_body,,number of people benefited by water body,,count
1329,First Census of Water Bodies,,no_town_cities_benefited,no_town_cities_benefited,,number of towns/cities benefited,,count
1330,First Census of Water Bodies,,no_villages_benefited,no_villages_benefited,,number of villages benefited,,count
1331,First Census of Water Bodies,,number_of_wua_formed,number_of_wua_formed,,number of water user associations formed,,count
1332,First Census of Water Bodies,,path,path,,file source path,,NA
1333,First Census of Water Bodies,,reason_water_body_in_use_name2,reason_water_body_in_use_name2,,"secondary reason for use: Recreation, Religious, Pisciculture, Ground water recharge, Other",,NA
1334,First Census of Water Bodies,,reason_water_body_in_use_name3,reason_water_body_in_use_name3,,"third reason for use: Other, Ground water recharge, Irrigation, Pisciculture, Recreation, Religious, Industrial",,NA
1335,First Census of Water Bodies,,ref_reason_water_body_in_use_id1_name,ref_reason_water_body_in_use_id1_name,,"primary reason for use: Recreation, Religious, Pisciculture, Ground water recharge, Other",,NA
1336,First Census of Water Bodies,,ref_selection_id_dip_sip_exists_name,ref_selection_id_dip_sip_exists_name,,,,boolean
1337,First Census of Water Bodies,,ref_selection_id_encroachment_assessed_name,ref_selection_id_encroachment_assessed_name,,,,NA
1338,First Census of Water Bodies,,ref_selection_id_water_body_encroached_name,ref_selection_id_water_body_encroached_name,,,,NA
1339,First Census of Water Bodies,,ref_selection_id_wua_exists_name,ref_selection_id_wua_exists_name,,"existence of a water user association: Yes, No, Not Known",,boolean
1340,First Census of Water Bodies,,ref_water_body_in_use_id_name,ref_water_body_in_use_id_name,,"current use status: true, false",,NA
1341,First Census of Water Bodies,,ref_water_body_type_id_name,ref_water_body_type_id_name,,"type of water body: Pond, lake, etc",,NA
1342,First Census of Water Bodies,,ref_water_body_under_repair_renovation_restoration_id_name,ref_water_body_under_repair_renovation_restoration_id_name,,,,percent
1343,First Census of Water Bodies,,renovation_cost,renovation_cost,,renovation cost,,INR
1344,First Census of Water Bodies,,renovation_year,renovation_year,,renovation year,,year
1345,First Census of Water Bodies,,rural_or_urban,rural_or_urban,,waterbody located in rural or urban,,NA
1346,First Census of Water Bodies,,scheme_inclusion_year,scheme_inclusion_year,,,,NA
1347,First Census of Water Bodies,,scheme_status_reason_name,scheme_status_reason_name,,"status of water body: Salinity, Impact of industrial effluents, Dried up etc.",,NA
1348,First Census of Water Bodies,,scheme_under_revival_is_done,scheme_under_revival_is_done,,,,boolean
1349,First Census of Water Bodies,,si_no_of_water_body_within_village_town,si_no_of_water_body_within_village_town,,,,count
1350,First Census of Water Bodies,,storage_capacity_water_body_original,storage_capacity_water_body_original,,original designed storage capacity of waterbody,,m3
1351,First Census of Water Bodies,,storage_capacity_water_body_present,storage_capacity_water_body_present,,current storage capacity of water body,,m3
1352,First Census of Water Bodies,,sub_basin_name,sub_basin_name,,sub basin name ,,NA
1353,First Census of Water Bodies,,target_potential_revival,target_potential_revival,,,,NA
1354,First Census of Water Bodies,,targeted_completion_year,targeted_completion_year,,target completion year,,year
1355,First Census of Water Bodies,,town_municipalty_name,town_municipalty_name,,town municipality name ,,count
1356,First Census of Water Bodies,,unique_id,unique_id,,unique identifier,,NA
1357,First Census of Water Bodies,,ward_name,ward_name,,ward name ,,NA
1358,First Census of Water Bodies,,water_body_loc_name,water_body_loc_name,,water body location name ,,NA
1359,First Census of Water Bodies,,water_body_name,water_body_name,,water body name ,,NA
1360,First Census of Water Bodies,,water_body_nature_name,water_body_nature_name,,water body nature name ,,NA
1361,First Census of Water Bodies,,water_body_ownership_name,water_body_ownership_name,,water body ownership name ,,NA
1362,First Census of Water Bodies,,water_spread_area_of_water_body,water_spread_area_of_water_body,,area of water spread (in hectares),,ha
1363,river_vector,,bacode,bacode,,basin area code ,,ha
1364,river_vector,,k50,k50,,,,NA
1365,river_vector,,objectid,objectid,,object id,,NA
1366,river_vector,,ripcode,ripcode,,,,NA
1367,river_vector,,rivname,rivname,,river name ,,NA
1368,river_vector,,shape_leng,shape_leng,,,,NA
1369,river_vector,,st_area(sh,st_area(sh,,,,NA
1370,river_vector,,st_length(,st_length(,,,,NA
1371,waterbodies_census_vector,,Block/Tehs,Block/Tehs,,block or tehsil name ,,NA
1372,waterbodies_census_vector,,Block/Tehsil Name,Block/Tehsil Name,,block or tehsil name ,,NA
1373,waterbodies_census_vector,,District N,District N,,district name ,,NA
1374,waterbodies_census_vector,,District Name,District Name,,district name ,,NA
1375,waterbodies_census_vector,,State Name,State Name,,state name ,,NA
1376,waterbodies_census_vector,,Village Na,Village Na,,village name ,,NA
1377,waterbodies_census_vector,,Village Name,Village Name,,village name ,,NA
1378,waterbodies_census_vector,,area_encro,area_encro,,area encroached,,ha
1379,waterbodies_census_vector,,area_encroached_percentage,area_encroached_percentage,,area encroached in percentage ,,percent
1380,waterbodies_census_vector,,basin_name,basin_name,,basin name ,,NA
1381,waterbodies_census_vector,,cca_water_,cca_water_,,,,NA
1382,waterbodies_census_vector,,cca_water_body,cca_water_body,,,,NA
1383,waterbodies_census_vector,,construcio,construcio,,,,NA
1384,waterbodies_census_vector,,construcion_year,construcion_year,,construction year,,year
1385,waterbodies_census_vector,,constructi,constructi,,,,NA
1386,waterbodies_census_vector,,construction_cost,construction_cost,,construction cost,,INR
1387,waterbodies_census_vector,,estimated_,estimated_,,,,NA
1388,waterbodies_census_vector,,estimated_cost,estimated_cost,,estimated cost,,INR
1389,waterbodies_census_vector,,extent_of_,extent_of_,,,,NA
1390,waterbodies_census_vector,,extent_of_area_covered_by_wua,extent_of_area_covered_by_wua,,area under the coverage of a water user association,,ha
1391,waterbodies_census_vector,,filled_u_1,filled_u_1,,,,NA
1392,waterbodies_census_vector,,filled_up_,filled_up_,,,,NA
1393,waterbodies_census_vector,,filled_up_storage_name,filled_up_storage_name,,"whether the storage is filled up: Full, Upto 3/4, Upto 1/4, Upto 1/2",,NA
1394,waterbodies_census_vector,,filled_up_storage_space_name,filled_up_storage_space_name,,"description if the storage area has been filled up: Usually filled up, Never filled up, Rarely filled up, Filled up every year",,year
1395,waterbodies_census_vector,,id,id,,id,,NA
1396,waterbodies_census_vector,,ipc_water_,ipc_water_,,,,NA
1397,waterbodies_census_vector,,ipc_water_body,ipc_water_body,,,,NA
1398,waterbodies_census_vector,,irrigation,irrigation,,,,NA
1399,waterbodies_census_vector,,irrigation_potential_revived,irrigation_potential_revived,,,,NA
1400,waterbodies_census_vector,,ismissing,ismissing,,indicates that if the record has missing data,,boolean
1401,waterbodies_census_vector,,khasra_num,khasra_num,,,,NA
1402,waterbodies_census_vector,,khasra_number,khasra_number,,khasra number ,,NA
1403,waterbodies_census_vector,,latitude_d,latitude_d,,,,degrees
1404,waterbodies_census_vector,,latitude_dec,latitude_dec,,latitude of the water body (decimal degrees),,degrees
1405,waterbodies_census_vector,,layer,layer,,,,NA
1406,waterbodies_census_vector,,longitude_,longitude_,,,,degrees
1407,waterbodies_census_vector,,longitude_dec,longitude_dec,,longitude of the water body (decimal degrees),,degrees
1408,waterbodies_census_vector,,manmade_wa,manmade_wa,,,,NA
1409,waterbodies_census_vector,,manmade_water_body_type_name,manmade_water_body_type_name,,man made water body name ,,NA
1410,waterbodies_census_vector,,max_depth_,max_depth_,,,,m
1411,waterbodies_census_vector,,max_depth_water_body_fully_filled,max_depth_water_body_fully_filled,,maximum depth of water body when fully filled,,m
1412,waterbodies_census_vector,,nature_of_,nature_of_,,,,NA
1413,waterbodies_census_vector,,nature_of_storage,nature_of_storage,,nature of storage ,,NA
1414,waterbodies_census_vector,,no_people_,no_people_,,,,count
1415,waterbodies_census_vector,,no_people_benefited_by_water_body,no_people_benefited_by_water_body,,number of people benefited by water body,,count
1416,waterbodies_census_vector,,no_town_ci,no_town_ci,,,,count
1417,waterbodies_census_vector,,no_town_cities_benefited,no_town_cities_benefited,,number of towns/cities benefited,,count
1418,waterbodies_census_vector,,no_village,no_village,,,,NA
1419,waterbodies_census_vector,,no_villages_benefited,no_villages_benefited,,number of villages benefited,,count
1420,waterbodies_census_vector,,number_of_,number_of_,,,,NA
1421,waterbodies_census_vector,,number_of_wua_formed,number_of_wua_formed,,number of water user associations formed,,count
1422,waterbodies_census_vector,,path,path,,file source path,,NA
1423,waterbodies_census_vector,,reason_w_1,reason_w_1,,,,NA
1424,waterbodies_census_vector,,reason_wat,reason_wat,,,,NA
1425,waterbodies_census_vector,,reason_water_body_in_use_name2,reason_water_body_in_use_name2,,"secondary reason for use: Recreation, Religious, Pisciculture, Ground water recharge, Other",,NA
1426,waterbodies_census_vector,,reason_water_body_in_use_name3,reason_water_body_in_use_name3,,"third reason for use: Other, Ground water recharge, Irrigation, Pisciculture, Recreation, Religious, Industrial",,NA
1427,waterbodies_census_vector,,ref_reason,ref_reason,,,,NA
1428,waterbodies_census_vector,,ref_reason_water_body_in_use_id1_name,ref_reason_water_body_in_use_id1_name,,"primary reason for use: Recreation, Religious, Pisciculture, Ground water recharge, Other",,NA
1429,waterbodies_census_vector,,ref_sele_1,ref_sele_1,,,,NA
1430,waterbodies_census_vector,,ref_sele_2,ref_sele_2,,,,NA
1431,waterbodies_census_vector,,ref_sele_3,ref_sele_3,,,,NA
1432,waterbodies_census_vector,,ref_select,ref_select,,,,NA
1433,waterbodies_census_vector,,ref_selection_id_dip_sip_exists_name,ref_selection_id_dip_sip_exists_name,,,,boolean
1434,waterbodies_census_vector,,ref_selection_id_encroachment_assessed_name,ref_selection_id_encroachment_assessed_name,,,,NA
1435,waterbodies_census_vector,,ref_selection_id_water_body_encroached_name,ref_selection_id_water_body_encroached_name,,,,NA
1436,waterbodies_census_vector,,ref_selection_id_wua_exists_name,ref_selection_id_wua_exists_name,,"existence of a water user association: Yes, No, Not Known",,boolean
1437,waterbodies_census_vector,,ref_wate_1,ref_wate_1,,,,NA
1438,waterbodies_census_vector,,ref_wate_2,ref_wate_2,,,,NA
1439,waterbodies_census_vector,,ref_water_,ref_water_,,,,NA
1440,waterbodies_census_vector,,ref_water_body_in_use_id_name,ref_water_body_in_use_id_name,,"current use status: true, false",,NA
1441,waterbodies_census_vector,,ref_water_body_type_id_name,ref_water_body_type_id_name,,"type of water body: Pond, lake, etc",,NA
1442,waterbodies_census_vector,,ref_water_body_under_repair_renovation_restoration_id_name,ref_water_body_under_repair_renovation_restoration_id_name,,,,percent
1443,waterbodies_census_vector,,renovati_1,renovati_1,,,,NA
1444,waterbodies_census_vector,,renovation,renovation,,,,NA
1445,waterbodies_census_vector,,renovation_cost,renovation_cost,,renovation cost ,,INR
1446,waterbodies_census_vector,,renovation_year,renovation_year,,renovation year ,,year
1447,waterbodies_census_vector,,rural_or_u,rural_or_u,,,,NA
1448,waterbodies_census_vector,,rural_or_urban,rural_or_urban,,waterbody located in rural or urban,,NA
1449,waterbodies_census_vector,,scheme_inc,scheme_inc,,,,NA
1450,waterbodies_census_vector,,scheme_inclusion_year,scheme_inclusion_year,,,,NA
1451,waterbodies_census_vector,,scheme_sta,scheme_sta,,,,NA
1452,waterbodies_census_vector,,scheme_status_reason_name,scheme_status_reason_name,,"status of water body: Salinity, Impact of industrial effluents, Dried up etc.",,NA
1453,waterbodies_census_vector,,scheme_und,scheme_und,,,,NA
1454,waterbodies_census_vector,,scheme_under_revival_is_done,scheme_under_revival_is_done,,,,boolean
1455,waterbodies_census_vector,,si_no_of_w,si_no_of_w,,,,NA
1456,waterbodies_census_vector,,si_no_of_water_body_within_village_town,si_no_of_water_body_within_village_town,,,,count
1457,waterbodies_census_vector,,storage__1,storage__1,,,,NA
1458,waterbodies_census_vector,,storage_ca,storage_ca,,,,NA
1459,waterbodies_census_vector,,storage_capacity_water_body_original,storage_capacity_water_body_original,,original designed storage capacity of waterbody,,m3
1460,waterbodies_census_vector,,storage_capacity_water_body_present,storage_capacity_water_body_present,,current storage capacity of water body,,m3
1461,waterbodies_census_vector,,sub_basin_,sub_basin_,,,,NA
1462,waterbodies_census_vector,,sub_basin_name,sub_basin_name,,sub basin name ,,NA
1463,waterbodies_census_vector,,target_pot,target_pot,,,,NA
1464,waterbodies_census_vector,,target_potential_revival,target_potential_revival,,,,NA
1465,waterbodies_census_vector,,targeted_c,targeted_c,,,,NA
1466,waterbodies_census_vector,,targeted_completion_year,targeted_completion_year,,targeted completion year,,year
1467,waterbodies_census_vector,,town_munic,town_munic,,,,count
1468,waterbodies_census_vector,,town_municipalty_name,town_municipalty_name,,town municipality name ,,count
1469,waterbodies_census_vector,,unique_id,unique_id,,unique identifier,,NA
1470,waterbodies_census_vector,,ward_name,ward_name,,ward name ,,NA
1471,waterbodies_census_vector,,water_bo_1,water_bo_1,,,,NA
1472,waterbodies_census_vector,,water_bo_2,water_bo_2,,,,NA
1473,waterbodies_census_vector,,water_bo_3,water_bo_3,,,,NA
1474,waterbodies_census_vector,,water_body,water_body,,,,NA
1475,waterbodies_census_vector,,water_body_loc_name,water_body_loc_name,,water body location name ,,NA
1476,waterbodies_census_vector,,water_body_name,water_body_name,,water body name ,,NA
1477,waterbodies_census_vector,,water_body_nature_name,water_body_nature_name,,water body nature name ,,NA
1478,waterbodies_census_vector,,water_body_ownership_name,water_body_ownership_name,,water body ownership name ,,NA
1479,waterbodies_census_vector,,water_spre,water_spre,,,,NA
1480,waterbodies_census_vector,,water_spread_area_of_water_body,water_spread_area_of_water_body,,area of water spread (in hectares),,ha
1481,land_conflict_watch_vector,,Date of publish,Date of publish,,date of publish,,NA
1482,land_conflict_watch_vector,,Link to conflict,Link to conflict,,URL link to the conflict,,NA
1483,land_conflict_watch_vector,,Title of Conflict,Title of Conflict,,title / headline of the conflict,,NA
1484,mining_vector,,company_na,company_na,,company name ,,NA
1485,mining_vector,,company_ty,company_ty,,type of company ,,NA
1486,mining_vector,,district,district,,district name ,,NA
1487,mining_vector,,district_o,district_o,,,,NA
1488,mining_vector,,proposal,proposal,,description of proposal,,NA
1489,mining_vector,,sector_moe,sector_moe,,sector category,,NA
1490,mining_vector,,state,state,,state name ,,NA
1491,mining_vector,,state_offi,state_offi,,,,NA
1492,mining_vector,,system:index,system:index,,,,NA
1493,mining_vector,,tehsil,tehsil,,tehsil name ,,NA
1494,mining_vector,,village,village,,village name ,,NA
1495,state_boundaries_vector,,Name,Name ,,state name ,,NA
1496,district_boundaries_vector,,Name,Name,,district name ,,NA
1497,district_boundaries_vector,,altitudeMo,altitudeMo,,,,NA
1498,district_boundaries_vector,,begin,begin,,start time ,,NA
1499,district_boundaries_vector,,descriptio,descriptio,,long text description of the feature ,,NA
1500,district_boundaries_vector,,drawOrder,drawOrder,,order in which items are drawn on map,,NA
1501,district_boundaries_vector,,end,end,,end time ,,NA
1502,district_boundaries_vector,,extrude,extrude,,,,NA
1503,district_boundaries_vector,,icon,icon,,,,NA
1504,district_boundaries_vector,,id,id,,unique id,,NA
1505,district_boundaries_vector,,snippet,snippet,,,,NA
1506,district_boundaries_vector,,tessellate,tessellate,,,,NA
1507,district_boundaries_vector,,timestamp,timestamp,,timestamp ,,NA
1508,district_boundaries_vector,,visibility,visibility,,visibility,,NA
1509,industries_vector,,ADDRESS,ADDRESS,,address,,NA
1510,industries_vector,,COMPANY NAME,COMPANY NAME,,company name,,NA
1511,industries_vector,,LEVEL 1,LEVEL 1,,level 1,,NA
1512,industries_vector,,UUID,UUID,,unique identifier,,NA
1513,industries_vector,,LOCATION TYPE,LOCATION TYPE,,location type,,NA
1514,industries_vector,,LEVEL 2,LEVEL 2,,level 2,,NA
1515,industries_vector,,LEVEL 3,LEVEL 3,,Level 3,,NA
1516,green_credits_vector,,range,range,,range of division,,NA
1517,green_credits_vector,,state,state,,state name,,NA
1518,green_credits_vector,,district,district,,district name,,NA
1519,green_credits_vector,,division,division,,division name,,NA
1520,green_credits_vector,,land_info,land_info,,land information,,NA
1521,green_credits_vector,,kml_url,kml_url,,path,,NA
1522,mws_connectivity_vector,,direction,direction,,"numerical code indicating the flow (1=North, 2=Northeast, 3=East, 4=Southeast, 5=South, 6=Southwest, 7=West, 8=Northwest) showing which way the water exists from mws",Give all the directions,boolean
1523,mws_connectivity_vector,,downstream,downstream,,UID of single mws that this flow into,,NA
1524,mws_connectivity_vector,,uid,uid,,unique identifier,,NA
1525,mws_connectivity_vector,,upstream,upstream,,list of UIDs for all mws that flow into this one,,NA
1526,stream_order_vector,,1,1,,percentage of each mws area covered under stream order 1,,percent
1527,stream_order_vector,,2,2,,percentage of each mws area covered under stream order 2,,percent
1528,stream_order_vector,,3,3,,percentage of each mws area covered under stream order 3,,percent
1529,stream_order_vector,,4,4,,percentage of each mws area covered under stream order 4,,percent
1530,stream_order_vector,,5,5,,percentage of each mws area covered under stream order 5,,percent
1531,stream_order_vector,,6,6,,percentage of each mws area covered under stream order 6,,percent
1532,stream_order_vector,,7,7,,percentage of each mws area covered under stream order 7,,percent
1533,stream_order_vector,,8,8,,percentage of each mws area covered under stream order 8,,percent
1534,stream_order_vector,,9,9,,percentage of each mws area covered under stream order 9,,percent
1535,stream_order_vector,,10,10,,percentage of each mws area covered under stream order 10,,percent
1536,stream_order_vector,,11,11,,percentage of each mws area covered under stream order 11,,percent
1537,stream_order_vector,,area_in_ha,area_in_ha,,total area of mws in hectares,,ha
1538,stream_order_vector,,id ,id ,,identifier,,NA
1539,stream_order_vector,,uid ,uid ,,unique identifier,,NA
,,,,,,,,NA
1541,facilities_proximity,Facilities Proximity,censuscode2011,censuscode2011,int,census 2011 village id key,,NA
1542,facilities_proximity,Facilities Proximity,censusname,censusname,str,village Name as per 2011 census,,NA
1543,facilities_proximity,Facilities Proximity,shrid2,shrid2,str,shrug2 Shrid Key,,NA
1544,facilities_proximity,Facilities Proximity,state,state,str,state Name,,NA
1545,facilities_proximity,Facilities Proximity,district,district,str,district Name,,NA
1546,facilities_proximity,Facilities Proximity,tehsil,tehsil,str,tehsil/subdistrict/tehsil names,,NA
1547,facilities_proximity,Facilities Proximity,agri_industry_agri_processing_distance,agri_industry_agri_processing_distance,float,minimum distance of any agricultural produce processing facility from the village,,NA
1548,facilities_proximity,Facilities Proximity,agri_industry_agri_support_infrastructure_distance,agri_industry_agri_support_infrastructure_distance,float,minimum distance of any agricultural support infrastructure facility around any particular village,,NA
1549,facilities_proximity,Facilities Proximity,agri_industry_co_operatives_societies_distance,agri_industry_co_operatives_societies_distance,float,minimum distance of any cooperative society around the particular village,,NA
1550,facilities_proximity,Facilities Proximity,agri_industry_dairy_animal_husbandry_distance,agri_industry_dairy_animal_husbandry_distance,float,"distance of nearest animal husbandary related facilities, such as `Animal Epicenter, Animal Husbandry, Cattle Farm, Cattle Feed, Chicken Center, Cow Farm, Dairy Farm, Fish Farm, Fisheries, Goat Farm, Honey Farm, Kshreera Bhavan, Milk Centre, Milk Chilling Centre, Milk Co Operative Society, Pig Farm, Poultry Farm, Pultry Farm, Sheep Farm`",,count
1551,facilities_proximity,Facilities Proximity,agri_industry_distribution_utilities_distance,agri_industry_distribution_utilities_distance,float,"distance of nearest animal husbandary related facilities, such as `Civil supply Corporation, Distribution Centre, Echoshop, Electricity Distribution Cent*, Food Corporation of India, Indian Gas Distribution`",,percent
1552,facilities_proximity,Facilities Proximity,agri_industry_industrial_manufacturing_distance,agri_industry_industrial_manufacturing_distance,float,"distance to nearest `Brick Industry, Camphor Manufacturing Unit, Coir Industry, Cotton Industry, Jute Industry, Latex Industry, Resham Farm, Rubber Industry, Rubber Processing Unit, Saw Mill, Silk Farm, Tobaco Industry, Wood Industry` to each village",,NA
1553,facilities_proximity,Facilities Proximity,agri_industry_markets_trading_distance,agri_industry_markets_trading_distance,float,"distance to nearest `Bazaar, Collection Centre, Dhan Kharidi Kendra, Direct Purchase Centre, Fish Mart, GRaM, GRaM (Notified), Mandi, Mandi (Notified), Market, PACCS GRaM, Vegetable /fruit store and Shops` to each village",,NA
1554,facilities_proximity,Facilities Proximity,agri_industry_storage_warehousing_distance,agri_industry_storage_warehousing_distance,float,"distance to nearest `Cold Storage, FCI Godown, Fish Storage, GSSS Godown, Godown, LPG Godown, Warehouse` to each village",,NA
1555,facilities_proximity,Facilities Proximity,apmc_distance,apmc_distance,float,distance to nearest `Agricultural Produce Market Committee` around the village,,NA
1556,facilities_proximity,Facilities Proximity,bank_atm_distance,bank_atm_distance,float,minimum distance to the nearest Automated Teller Machine (ATM) for cash services.,,NA
1557,facilities_proximity,Facilities Proximity,bank_branch_distance,bank_branch_distance,float,minimum distance to the nearest physical commercial or rural bank branch.,,NA
1558,facilities_proximity,Facilities Proximity,bank_mitra_distance,bank_mitra_distance,float,distance to the nearest Bank Mitra (Correspondent) providing doorstep banking services.,,NA
1559,facilities_proximity,Facilities Proximity,college_distance,college_distance,float,minimum distance to the nearest degree-granting college or higher education institution.,,NA
1560,facilities_proximity,Facilities Proximity,core_admin_uid,unique_row,int,unique row,,NA
1561,facilities_proximity,Facilities Proximity,csc_distance,csc_distance,float,distance to the nearest Common Service Centre (CSC) for digital and government-to-citizen (G2C) services.,,NA
1562,facilities_proximity,Facilities Proximity,health_chc_distance,health_chc_distance,float,"distance to the nearest Community Health Centre (CHC), acting as a secondary level of health care.",,NA
1563,facilities_proximity,Facilities Proximity,health_dis_h_distance,health_dis_h_distance,float,distance to the nearest District Hospital (DH) providing specialized healthcare services.,,boolean
1564,facilities_proximity,Facilities Proximity,health_phc_distance,health_phc_distance,float,"distance to the nearest Primary Health Centre (PHC), the first contact point between village and medical officer.",,NA
1565,facilities_proximity,Facilities Proximity,health_s_t_h_distance,health_s_t_h_distance,float,distance to the nearest Sub-District / Taluk Hospital.,,NA
1566,facilities_proximity,Facilities Proximity,health_sub_cen_distance,health_sub_cen_distance,float,"distance to the nearest Health Sub-Centre (HSC), the most peripheral point of contact in the PHC system.",,NA
1567,facilities_proximity,Facilities Proximity,pds_distance,pds_distance,float,distance to the nearest Public Distribution System (PDS) outlet or Fair Price Shop (Ration shop).,,percent
1568,facilities_proximity,Facilities Proximity,school_higher_secondary_distance,school_higher_secondary_distance,float,minimum distance to the nearest school offering grades 11-12.,,NA
1569,facilities_proximity,Facilities Proximity,school_primary_distance,school_primary_distance,float,minimum distance to the nearest school offering grades 1-5.,,NA
1570,facilities_proximity,Facilities Proximity,school_secondary_distance,school_secondary_distance,float,minimum distance to the nearest school offering grades 9-10.,,NA
1571,facilities_proximity,Facilities Proximity,school_upper_primary_distance,school_upper_primary_distance,float,minimum distance to the nearest school offering grades 6-8.,,NA
1572,facilities_proximity,Facilities Proximity,universities_distance,universities_distance,float,minimum distance to the nearest recognized University campus.,,NA
1573,factory_csr_vector,Factory CSR,COMPANY NA,COMPANY NA,string,registered name of the industrial unit or factory,,NA
1574,factory_csr_vector,Factory CSR,ADDRESS,ADDRESS,string,"full registered address of the company including phone, fax, and email contact details",,NA
1575,factory_csr_vector,Factory CSR,LOCATION T,LOCATION T,string,"type of office location (Registered office, Branch office)",,NA
1576,factory_csr_vector,Factory CSR,UUID,UUID,string,unique company identifier from the MCA / CIN registry (Corporate Identity Number format),,NA
1577,factory_csr_vector,Factory CSR,LEVEL 1,LEVEL 1,string,district-level administrative unit,,NA
1578,factory_csr_vector,Factory CSR,LEVEL 2,LEVEL 2,string,sub-district administrative unit ,,NA
1579,factory_csr_vector,Factory CSR,LEVEL 3,LEVEL 3,string,state-level administrative unit,,NA
1580,factory_csr_vector,Factory CSR,LAT,LAT,float,latitude of the district centroid,,degrees
1581,factory_csr_vector,Factory CSR,LNG,LNG,float,longitude of the district centroid ,,degrees
1582,factory_csr_vector,Factory CSR,uid,uid,string,internal unique identifier composed of state code and resolved district ID,,NA
1583,factory_csr_vector,Factory CSR,Unnamed_ 9,Unnamed_ 9,string,,,NA
1584,agroecological_vector,Agroecological,organization_name,organization_name,string,name of the organisation engaged in agroecological practices,,NA
1585,agroecological_vector,Agroecological,organization_type,organization_type,string,category of organisation,,NA
1586,agroecological_vector,Agroecological,domains,domains,array,"array of agroecological practice domains the organisation works in ( Agroforestry, Cultivation practices, Extension services, Fisheries, Livelihoods, Livestock management, Pasture lands, Seed management, Soil conservation, Watershed management)",,count
1587,agroecological_vector,Agroecological,block,block,string,sub-district administrative block where the organisation operates,,NA
1588,agroecological_vector,Agroecological,district,district,string,district of operation,,percent
1589,agroecological_vector,Agroecological,state,state,string,state of operation,,percent
1590,agroecological_vector,Agroecological,contact_person,contact_person,string,name of the primary contact person at the organisation,,NA
1591,agroecological_vector,Agroecological,email,email,string,contact email address of the organisation or representative,,NA
1592,agroecological_vector,Agroecological,created_at,created_at,datetime,date the organisation record was registered in the system,,NA
1593,agroecological_vector,Agroecological,comments,comments,string,free-text notes describing the organisations goals or activities,,NA
1594,agroecological_vector,Agroecological,id,id,integer,identifier,,NA
1595,agroecological_vector,Agroecological,uid,uid,string,unique identifier,,NA
1596,dem_vector,DEM Vector,uid,uid,string,unique identifier for each mws id,,NA
1597,dem_vector,DEM Vector,min_elevation,min_elevation,string,lowest elevation value (in metres) within the Micro Watershed boundary,,m
1598,dem_vector,DEM Vector,max_elevation,max_elevation,string,highest elevation value (in metres) within the Micro Watershed boundary,,m
1599,dem_vector,DEM Vector,mean_elevation,mean_elevation,string,average elevation value (in metres) across the entire Micro Watershed,,m
1600,drainage_density_vector,Drainage Density Vector,area_in_ha,area_in_ha,,total area of micro watershed in hectares(ha),,ha
1601,drainage_density_vector,Drainage Density Vector,bacode,bacode,,basin code identifying the river basin to which the Micro Watershed belongs,,NA
1602,drainage_density_vector,Drainage Density Vector,id,id,,identifier,,NA
1603,drainage_density_vector,Drainage Density Vector,sbcode,sbcode,,sub-basin code identifying the sub-basin unit within the larger river basin,,NA
1604,drainage_density_vector,Drainage Density Vector,uid,uid,,unique identifier for each mws id,,NA
1605,drainage_density_vector,Drainage Density Vector,wsconc,wsconc,,watershed code representing the hierarchical reference identifier for the micro watershed,,NA
1606,drainage_density_vector,Drainage Density Vector,drainage_density,drainage_density,,total drainage density of the mws calculated as the sum of all stream lengths divided by the watershed area,,km/km2
1607,drainage_density_vector,Drainage Density Vector,drainage_density_stream,drainage_density_stream,,"list of drainage density values (km/km²) for each stream order within the micro watershed from order 1 through 11. Ex. [4.769394958649235, 0.0, 0.0, 0.0, 0.0, 0.0, 1.0287100600779193, 0.0, 0.0, 0.0, 0.0]",,km/km2
1608,drainage_density_vector,Drainage Density Vector,stream_length_km,stream_length_km,,"list of stream lengths (in kilometres) for each stream order within the micro watershed from order 1 through 11. Ex. [1.5750457678637495, 0.0, 0.0, 0.0, 0.0, 0.0, 0.6794427555412498, 0.0, 0.0, 0.0, 0.0]",,km
1609,river_vector,River Vector,id,id,,unique identifier,,NA
1610,river_vector,River Vector,bacode,bacode,,basin code identifying the river basin to which the feature belongs,,NA
1611,river_vector,River Vector,k50,k50,,attribute code,,NA
1612,river_vector,River Vector,objectid,objectid,,internal object identifier,,NA
1613,river_vector,River Vector,ripcode,ripcode,,river classification code used to categorize the river within the drainage network hierarchy,,NA
1614,river_vector,River Vector,rivname,rivname,,river name ,,NA
1615,river_vector,River Vector,shape_leng,shape_leng,,total shape length of the river feature geometry in the source dataset in metres,,NA
1616,river_vector,River Vector,st_area,st_area,,computed geometric area associated with the feature geometry in square metres,,m2
1617,river_vector,River Vector,st_length,st_length,,computed geometric length of the river feature in metres,,NA
1618,river_vector,River Vector,uid,uid,,unique identifier for each micro watershed,,NA
1619,river_vector,River Vector,area_in_ha,area_in_ha,,area of the micro watershed associated with the river feature in hectares (ha),,ha
1620,canal_vector,Canal Vector,uid,uid,,unique identifier of micro watershed,,NA
1621,canal_vector,Canal Vector,id,id,,identifier,,NA
1622,canal_vector,Canal Vector,objectid,objectid,,internal object identifier,,NA
1623,canal_vector,Canal Vector,cancode,cancode,,unique canal code assigned to the canal in the WRIS database,,NA
1624,canal_vector,Canal Vector,canname,canname,,name of the canal or section ,,NA
1625,canal_vector,Canal Vector,prjcode,prjcode,,project code of the irrigation or water resource project to which the canal belongs,,boolean
1626,canal_vector,Canal Vector,prjname,prjname,,name of the irrigation or water resource project associated with the canal,,boolean
1627,canal_vector,Canal Vector,can_type,can_type,,"numeric code classifying the type of canal (1- Main Canal, 2 - Branch Canal)",,NA
1628,canal_vector,Canal Vector,cn_type,cn_type,,,,NA
1629,canal_vector,Canal Vector,cn_purp,cn_purp,,"purpose of the canal (irrigation, drinking water supply)",,boolean
1630,canal_vector,Canal Vector,cn_st,cn_st,,operational status code of the canal segment (CM = Complete),,percent
1631,canal_vector,Canal Vector,cn_ss,cn_ss,,supplementary status classification of the canal segment,,NA
1632,canal_vector,Canal Vector,cn_hdc,cn_hdc,,hydraulic design capacity of the canal indicating the discharge capacity,,NA
1633,canal_vector,Canal Vector,cca,cca,,,,NA
1634,canal_vector,Canal Vector,potential,potential,,irrigation potential of the canal ,,NA
1635,canal_vector,Canal Vector,status_yr,status_yr,,year or period up to which the canal construction or operational status has been recorded,,percent
1636,canal_vector,Canal Vector,state,state,,state code indicating the state in which the canal is located ,,NA
1637,canal_vector,Canal Vector,area_in_ha,area_in_ha,,total area of the micro watershed associated with the canal feature in hectares (ha),,ha
1638,canal_vector,Canal Vector,st_length,st_length,,computed geometric length of the canal feature along its alignment in metres.,,NA
1639,cs_antyodaya_2020,Antyodaya 2020,index,index,Stable row index of the village in the Core Stack standard admin boundary.,Position of the village in the Core Stack standard boundary table.,,dimensionless
1640,cs_antyodaya_2020,Antyodaya 2020,state_id,state_id,Census 2011 (PC11) state code.,Census 2011 code identifying this state for joining village data.,,NA
1641,cs_antyodaya_2020,Antyodaya 2020,district_id,district_id,Census 2011 (PC11) district code.,Census 2011 code identifying this district for joining village data.,,NA
1642,cs_antyodaya_2020,Antyodaya 2020,tehsil_id,tehsil_id,Census 2011 (PC11) sub-district (tehsil/block) code.,Census 2011 code identifying this sub-district for joining village data.,,NA
1643,cs_antyodaya_2020,Antyodaya 2020,village_id,village_id,Census 2011 (PC11) village code,Census 2011 code identifying this village for joining village data.,,NA
1644,cs_antyodaya_2020,Antyodaya 2020,state_name,state_name,State name.,Name of the state for this village.,,NA
1645,cs_antyodaya_2020,Antyodaya 2020,district_name,district_name,District name.,Name of the district for this village.,,NA
1646,cs_antyodaya_2020,Antyodaya 2020,tehsil_name,tehsil_name,Tehsil/block name.,Name of the tehsil for this village.,,NA
1647,cs_antyodaya_2020,Antyodaya 2020,village_name,village_name,Village name.,Name of the village for this village.,,NA
1648,cs_antyodaya_2020,Antyodaya 2020,antyodaya_status,antyodaya_status,"Row data availability: `matched` when a Mission Antyodaya 2020 record was joined, `no village id available` when the admin row lacks a village identifier, and `no data available for this village` when no Antyodaya record matched this village.","Shows whether a 2020 Mission Antyodaya village record matched this boundary, or why data are unavailable.",,boolean
1649,cs_antyodaya_2020,Antyodaya 2020,institutionalization_cat_cluster,institutionalization_cat_cluster,Institutionalization Category Cluster Class,"Relative Low, Medium, or High grouping of the institutionalization score, built from SHG Penetration, SHG Federation, PG Penetration, and FPO/PACS Strength. MiniBatch K-means groups the 2020 village scores.",,NA
1650,cs_antyodaya_2020,Antyodaya 2020,social_protection_cat_cluster,social_protection_cat_cluster,Social Protection Category Cluster Class,"Relative Low, Medium, or High grouping of the social protection score, built from PDS Utilization, BPL Coverage, NFSA Coverage, and Pension Coverage. MiniBatch K-means groups the 2020 village scores.",,NA
1651,cs_antyodaya_2020,Antyodaya 2020,civic_infrastructure_cat_cluster,civic_infrastructure_cat_cluster,Civic Infrastructure Category Cluster Class,"Relative Low, Medium, or High grouping of the civic infrastructure score, built from Panchayat Bhawan, Post Office Availability, Representative Training, Representative Orientation, Public Information Board, and Public Library Availability. MiniBatch K-means groups the 2020 village scores.",,NA
1652,cs_antyodaya_2020,Antyodaya 2020,financial_inclusion_cat_cluster,financial_inclusion_cat_cluster,Financial Inclusion Category Cluster Class,"Relative Low, Medium, or High grouping of the financial inclusion score, built from Bank Availability, ATM Availability, Bank Correspondent, SHG Credit Access, and Jan Dhan Penetration. MiniBatch K-means groups the 2020 village scores.",,NA
1653,cs_antyodaya_2020,Antyodaya 2020,energy_access_cat_cluster,energy_access_cat_cluster,Energy Access Category Cluster Class,"Relative Low, Medium, or High grouping of the energy access score, built from Electrification Rate, Electricity Supply to MSME, and Clean Energy Penetration. MiniBatch K-means groups the 2020 village scores.",,NA
1654,cs_antyodaya_2020,Antyodaya 2020,road_connectivity_cat_cluster,road_connectivity_cat_cluster,Road Connectivity Category Cluster Class,"Relative Low, Medium, or High grouping of the road connectivity score, built from All-Weather Road Connection, Internal Pucca Road Quality, Public Transport Availability, and Railway Station Availability. MiniBatch K-means groups the 2020 village scores.",,NA
1655,cs_antyodaya_2020,Antyodaya 2020,housing_quality_cat_cluster,housing_quality_cat_cluster,Housing Quality Category Cluster Class,"Relative Low, Medium, or High grouping of the housing quality score, built from Pucca Housing Rate, Housing Scheme Coverage, PMAY Demand Met, and Ujjwala Coverage. MiniBatch K-means groups the 2020 village scores.",,NA
1656,cs_antyodaya_2020,Antyodaya 2020,maternal_child_health_cat_cluster,maternal_child_health_cat_cluster,Maternal Child Health Category Cluster Class,"Relative Low, Medium, or High grouping of the maternal and child health score, built from AWC Infrastructure and Enrollment Coverage, Maternal Health and Care Access, Child Nutrition and Development, Newborn Health Outcomes, and Health Schemes Utilization. MiniBatch K-means groups the 2020 village scores.",,NA
1657,cs_antyodaya_2020,Antyodaya 2020,water_sanitation_cat_cluster,water_sanitation_cat_cluster,Water Sanitation Category Cluster Class,"Relative Low, Medium, or High grouping of the water and sanitation score, built from Piped Water Coverage, Sanitation Coverage, Drainage Quality, Community Waste Disposal, and Biogas or Waste Recycling. MiniBatch K-means groups the 2020 village scores.",,boolean
1658,cs_antyodaya_2020,Antyodaya 2020,livelihoods_cottage_traditional_industry_cat_cluster,livelihoods_cottage_traditional_industry_cat_cluster,Livelihoods Cottage Traditional Industry Category Cluster Class,"Relative Low, Medium, or High grouping of the livelihoods cottage and traditional industry score, built from Cottage Units Available, Cottage Industry Participation, Handloom, and Handicrafts. MiniBatch K-means groups the 2020 village scores.",,NA
1659,cs_antyodaya_2020,Antyodaya 2020,livelihoods_employment_cat_cluster,livelihoods_employment_cat_cluster,Livelihoods Employment Category Cluster Class,"Relative Low, Medium, or High grouping of the farm employment score, built from Farm Employment. MiniBatch K-means groups the 2020 village scores.",,NA
1660,cs_antyodaya_2020,Antyodaya 2020,livelihoods_forest_resources_cat_cluster,livelihoods_forest_resources_cat_cluster,Livelihoods Forest Resources Category Cluster Class,"Relative Low, Medium, or High grouping of the livelihoods forest resources score, built from Community Forest, Minor Forest Production, and Forest Dependence. MiniBatch K-means groups the 2020 village scores.",,NA
1661,cs_antyodaya_2020,Antyodaya 2020,livelihoods_common_resources_cat_cluster,livelihoods_common_resources_cat_cluster,Livelihoods Common Resources Category Cluster Class,"Relative Low, Medium, or High grouping of the livelihoods common resources score, built from Common Pastures. MiniBatch K-means groups the 2020 village scores.",,NA
1662,cs_antyodaya_2020,Antyodaya 2020,livelihoods_alternative_farming_cat_cluster,livelihoods_alternative_farming_cat_cluster,Livelihoods Alternative Farming Category Cluster Class,"Relative Low, Medium, or High grouping of the livelihoods alternative farming score, built from Alternative Farming. MiniBatch K-means groups the 2020 village scores.",,NA
1663,cs_antyodaya_2020,Antyodaya 2020,livelihoods_fisheries_cat_cluster,livelihoods_fisheries_cat_cluster,Livelihoods Fisheries Category Cluster Class,"Relative Low, Medium, or High grouping of the livelihoods fisheries score, built from Fisheries and Aquaculture Access. MiniBatch K-means groups the 2020 village scores.",,NA
1664,cs_antyodaya_2020,Antyodaya 2020,livestock_veterinary_cat_cluster,livestock_veterinary_cat_cluster,Livestock Veterinary Category Cluster Class,"Relative Low, Medium, or High grouping of the livestock and veterinary score, built from Veterinary Services Access, Livestock Development Projects, and Milk Routes. MiniBatch K-means groups the 2020 village scores.",,count
1665,cs_antyodaya_2020,Antyodaya 2020,agriculture_land_cultivation_cat_cluster,agriculture_land_cultivation_cat_cluster,Agriculture Land Cultivation Category Cluster Class,"Relative Low, Medium, or High grouping of the agriculture land cultivation score, built from Land Utilization. MiniBatch K-means groups the 2020 village scores.",,NA
1666,cs_antyodaya_2020,Antyodaya 2020,agriculture_irrigation_watershed_cat_cluster,agriculture_irrigation_watershed_cat_cluster,Agriculture Irrigation Watershed Category Cluster Class,"Relative Low, Medium, or High grouping of the agriculture irrigation and watershed score, built from Irrigation Infrastructure and Watershed Development, NREGA NRM Expenditure, and Modern Irrigation. MiniBatch K-means groups the 2020 village scores.",,NA
1667,cs_antyodaya_2020,Antyodaya 2020,agriculture_organic_farming_cat_cluster,agriculture_organic_farming_cat_cluster,Agriculture Organic Farming Category Cluster Class,"Relative Low, Medium, or High grouping of the agriculture organic farming score, built from Organic Farming. MiniBatch K-means groups the 2020 village scores.",,NA
1668,cs_antyodaya_2020,Antyodaya 2020,agriculture_support_services_cat_cluster,agriculture_support_services_cat_cluster,Agriculture Support Services Category Cluster Class,"Relative Low, Medium, or High grouping of the agriculture support services score, built from Agricultural Inputs Availability, Agricultural Risk Support, and Soil Testing Adoption. MiniBatch K-means groups the 2020 village scores.",,NA
1669,cs_antyodaya_2020,Antyodaya 2020,agricultural_markets_cat_cluster,agricultural_markets_cat_cluster,Agricultural Markets Category Cluster Class,"Relative Low, Medium, or High grouping of the agricultural markets score, built from Market Access and Food Storage Availability. MiniBatch K-means groups the 2020 village scores.",,NA
1670,cs_antyodaya_2020,Antyodaya 2020,institutionalization_cat_value,institutionalization_cat_value,Institutionalization category index value,"Average of the 4 component classes for SHG Penetration, SHG Federation, PG Penetration, and FPO/PACS Strength (Low 0, Medium 0.5, High 1). Compare within this category.",,dimensionless
1671,cs_antyodaya_2020,Antyodaya 2020,social_protection_cat_value,social_protection_cat_value,Social Protection category index value,"Average of the 4 component classes for PDS Utilization, BPL Coverage, NFSA Coverage, and Pension Coverage (Low 0, Medium 0.5, High 1). Compare within this category.",,dimensionless
1672,cs_antyodaya_2020,Antyodaya 2020,civic_infrastructure_cat_value,civic_infrastructure_cat_value,Civic Infrastructure category index value,"Average of the 6 component classes for Panchayat Bhawan, Post Office Availability, Representative Training, Representative Orientation, Public Information Board, and Public Library Availability (Low 0, Medium 0.5, High 1). Compare within this category.",,dimensionless
1673,cs_antyodaya_2020,Antyodaya 2020,financial_inclusion_cat_value,financial_inclusion_cat_value,Financial Inclusion category index value,"Average of the 5 component classes for Bank Availability, ATM Availability, Bank Correspondent, SHG Credit Access, and Jan Dhan Penetration (Low 0, Medium 0.5, High 1). Compare within this category.",,dimensionless
1674,cs_antyodaya_2020,Antyodaya 2020,energy_access_cat_value,energy_access_cat_value,Energy Access category index value,"Average of the 3 component classes for Electrification Rate, Electricity Supply to MSME, and Clean Energy Penetration (Low 0, Medium 0.5, High 1). Compare within this category.",,dimensionless
1675,cs_antyodaya_2020,Antyodaya 2020,road_connectivity_cat_value,road_connectivity_cat_value,Road Connectivity category index value,"Average of the 4 component classes for All-Weather Road Connection, Internal Pucca Road Quality, Public Transport Availability, and Railway Station Availability (Low 0, Medium 0.5, High 1). Compare within this category.",,dimensionless
1676,cs_antyodaya_2020,Antyodaya 2020,housing_quality_cat_value,housing_quality_cat_value,Housing Quality category index value,"Average of the 4 component classes for Pucca Housing Rate, Housing Scheme Coverage, PMAY Demand Met, and Ujjwala Coverage (Low 0, Medium 0.5, High 1). Compare within this category.",,dimensionless
1677,cs_antyodaya_2020,Antyodaya 2020,maternal_child_health_cat_value,maternal_child_health_cat_value,Maternal Child Health category index value,"Average of the 5 component classes for AWC Infrastructure and Enrollment Coverage, Maternal Health and Care Access, Child Nutrition and Development, Newborn Health Outcomes, and Health Schemes Utilization (Low 0, Medium 0.5, High 1). Compare within this category.",,dimensionless
1678,cs_antyodaya_2020,Antyodaya 2020,water_sanitation_cat_value,water_sanitation_cat_value,Water Sanitation category index value,"Average of the 5 component classes for Piped Water Coverage, Sanitation Coverage, Drainage Quality, Community Waste Disposal, and Biogas or Waste Recycling (Low 0, Medium 0.5, High 1). Compare within this category.",,dimensionless
1679,cs_antyodaya_2020,Antyodaya 2020,livelihoods_cottage_traditional_industry_cat_value,livelihoods_cottage_traditional_industry_cat_value,Livelihoods Cottage Traditional Industry category index value,"Average of the 4 component classes for Cottage Units Available, Cottage Industry Participation, Handloom, and Handicrafts (Low 0, Medium 0.5, High 1). Compare within this category.",,dimensionless
1680,cs_antyodaya_2020,Antyodaya 2020,livelihoods_employment_cat_value,livelihoods_employment_cat_value,Livelihoods Employment category index value,"Average of the 1 component classes for Farm Employment (Low 0, Medium 0.5, High 1). Compare within this category.",,dimensionless
1681,cs_antyodaya_2020,Antyodaya 2020,livelihoods_forest_resources_cat_value,livelihoods_forest_resources_cat_value,Livelihoods Forest Resources category index value,"Average of the 3 component classes for Community Forest, Minor Forest Production, and Forest Dependence (Low 0, Medium 0.5, High 1). Compare within this category.",,dimensionless
1682,cs_antyodaya_2020,Antyodaya 2020,livelihoods_common_resources_cat_value,livelihoods_common_resources_cat_value,Livelihoods Common Resources category index value,"Average of the 1 component classes for Common Pastures (Low 0, Medium 0.5, High 1). Compare within this category.",,dimensionless
1683,cs_antyodaya_2020,Antyodaya 2020,livelihoods_alternative_farming_cat_value,livelihoods_alternative_farming_cat_value,Livelihoods Alternative Farming category index value,"Average of the 1 component classes for Alternative Farming (Low 0, Medium 0.5, High 1). Compare within this category.",,dimensionless
1684,cs_antyodaya_2020,Antyodaya 2020,livelihoods_fisheries_cat_value,livelihoods_fisheries_cat_value,Livelihoods Fisheries category index value,"Average of the 1 component classes for Fisheries and Aquaculture Access (Low 0, Medium 0.5, High 1). Compare within this category.",,dimensionless
1685,cs_antyodaya_2020,Antyodaya 2020,livestock_veterinary_cat_value,livestock_veterinary_cat_value,Livestock Veterinary category index value,"Average of the 3 component classes for Veterinary Services Access, Livestock Development Projects, and Milk Routes (Low 0, Medium 0.5, High 1). Compare within this category.",,count
1686,cs_antyodaya_2020,Antyodaya 2020,agriculture_land_cultivation_cat_value,agriculture_land_cultivation_cat_value,Agriculture Land Cultivation category index value,"Average of the 1 component classes for Land Utilization (Low 0, Medium 0.5, High 1). Compare within this category.",,dimensionless
1687,cs_antyodaya_2020,Antyodaya 2020,agriculture_irrigation_watershed_cat_value,agriculture_irrigation_watershed_cat_value,Agriculture Irrigation Watershed category index value,"Average of the 3 component classes for Irrigation Infrastructure and Watershed Development, NREGA NRM Expenditure, and Modern Irrigation (Low 0, Medium 0.5, High 1). Compare within this category.",,dimensionless
1688,cs_antyodaya_2020,Antyodaya 2020,agriculture_organic_farming_cat_value,agriculture_organic_farming_cat_value,Agriculture Organic Farming category index value,"Average of the 1 component classes for Organic Farming (Low 0, Medium 0.5, High 1). Compare within this category.",,dimensionless
1689,cs_antyodaya_2020,Antyodaya 2020,agriculture_support_services_cat_value,agriculture_support_services_cat_value,Agriculture Support Services category index value,"Average of the 3 component classes for Agricultural Inputs Availability, Agricultural Risk Support, and Soil Testing Adoption (Low 0, Medium 0.5, High 1). Compare within this category.",,dimensionless
1690,cs_antyodaya_2020,Antyodaya 2020,agricultural_markets_cat_value,agricultural_markets_cat_value,Agricultural Markets category index value,"Average of the 2 component classes for Market Access and Food Storage Availability (Low 0, Medium 0.5, High 1). Compare within this category.",,dimensionless
1691,cs_antyodaya_2020,Antyodaya 2020,shg_pen_feat_value,shg_pen_feat_value,Shg Pen feature value,"Reported households mobilized into SHGs divided by households, then scaled across villages for comparison.",,NA
1692,cs_antyodaya_2020,Antyodaya 2020,shg_fed_feat_value,shg_fed_feat_value,Shg Fed feature value,"Reported sHGs federated into Village Organisations divided by self Help Groups (SHGs), then scaled across villages for comparison.",,NA
1693,cs_antyodaya_2020,Antyodaya 2020,pg_pen_feat_value,pg_pen_feat_value,Pg Pen feature value,"Reported households mobilized into Producer Groups divided by households, then scaled across villages for comparison.",,NA
1694,cs_antyodaya_2020,Antyodaya 2020,fpo_feat_value,fpo_feat_value,Fpo feature value,"Scores farmer producer organisations and PACS: neither, either one, or both; higher scores indicate more collective options.",,NA
1695,cs_antyodaya_2020,Antyodaya 2020,pds_util_feat_value,pds_util_feat_value,Pds Util feature value,"Reported households receiving food grains from Fair Price Shops divided by eligible households under NFSA, then scaled across villages for comparison.",,NA
1696,cs_antyodaya_2020,Antyodaya 2020,bpl_cov_feat_value,bpl_cov_feat_value,Bpl Cov feature value,"Reported households having BPL ration cards divided by households, then scaled across villages for comparison.",,NA
1697,cs_antyodaya_2020,Antyodaya 2020,nfsa_cov_feat_value,nfsa_cov_feat_value,Nfsa Cov feature value,"Reported eligible households under NFSA divided by households, then scaled across villages for comparison.",,NA
1698,cs_antyodaya_2020,Antyodaya 2020,pension_cov_feat_value,pension_cov_feat_value,Pension Cov feature value,"Reported households getting pensions under NSAP divided by households, then scaled across villages for comparison.",,NA
1699,cs_antyodaya_2020,Antyodaya 2020,panchayat_bhawan_feat_value,panchayat_bhawan_feat_value,Panchayat Bhawan feature value,Reported presence of panchayat Bhawan; a higher value means it is available.,,NA
1700,cs_antyodaya_2020,Antyodaya 2020,post_office_feat_value,post_office_feat_value,Post Office feature value,Reported presence of post office/Sub-Post office; a higher value means it is available.,,NA
1701,cs_antyodaya_2020,Antyodaya 2020,rep_training_feat_value,rep_training_feat_value,Rep Training feature value,"Reported elected representatives undergone refresher training under RGSA divided by elected representatives, then scaled across villages for comparison.",,NA
1702,cs_antyodaya_2020,Antyodaya 2020,rep_orientation_feat_value,rep_orientation_feat_value,Rep Orientation feature value,"Reported elected representatives oriented under RGSA divided by elected representatives, then scaled across villages for comparison.",,NA
1703,cs_antyodaya_2020,Antyodaya 2020,info_board_feat_value,info_board_feat_value,Info Board feature value,Reported presence of public Information Board under People's Plan Campaign; a higher value means it is available.,,NA
1704,cs_antyodaya_2020,Antyodaya 2020,public_library_feat_value,public_library_feat_value,Public Library feature value,Reported presence of public Library; a higher value means it is available.,,NA
1705,cs_antyodaya_2020,Antyodaya 2020,bank_feat_value,bank_feat_value,Bank feature value,Reported presence of banks; a higher value means it is available.,,NA
1706,cs_antyodaya_2020,Antyodaya 2020,atm_feat_value,atm_feat_value,Atm feature value,Reported presence of aTM; a higher value means it is available.,,NA
1707,cs_antyodaya_2020,Antyodaya 2020,bank_correspondent_feat_value,bank_correspondent_feat_value,Bank Correspondent feature value,Reported presence of business Correspondent with internet connectivity; a higher value means it is available.,,NA
1708,cs_antyodaya_2020,Antyodaya 2020,shg_credit_feat_value,shg_credit_feat_value,Shg Credit feature value,"Reported sHGs which accessed bank loans divided by self Help Groups (SHGs), then scaled across villages for comparison.",,NA
1709,cs_antyodaya_2020,Antyodaya 2020,jan_dhan_pen_feat_value,jan_dhan_pen_feat_value,Jan Dhan Pen feature value,"Reported households having Jan-Dhan bank account divided by households, then scaled across villages for comparison.",,NA
1710,cs_antyodaya_2020,Antyodaya 2020,electrification_rate_feat_value,electrification_rate_feat_value,Electrification Rate feature value,Scores reported daily domestic electricity supply from none to more than 12 hours; longer supply scores higher.,,NA
1711,cs_antyodaya_2020,Antyodaya 2020,electricity_supply_to_msme_feat_value,electricity_supply_to_msme_feat_value,Electricity Supply To Msme feature value,Reported presence of electricity Supply to MSME Units; a higher value means it is available.,,NA
1712,cs_antyodaya_2020,Antyodaya 2020,clean_energy_penetration_feat_value,clean_energy_penetration_feat_value,Clean Energy Penetration feature value,"Reported households using clean energy (LPG/Bio gas) divided by households, then scaled across villages for comparison.",,percent
1713,cs_antyodaya_2020,Antyodaya 2020,all_weather_road_feat_value,all_weather_road_feat_value,All Weather Road feature value,Reported presence of the village is connected to All weather road; a higher value means it is available.,,NA
1714,cs_antyodaya_2020,Antyodaya 2020,internal_pucca_road_feat_value,internal_pucca_road_feat_value,Internal Pucca Road feature value,"Scores internal paved-road coverage as absent, partial, or complete.",,NA
1715,cs_antyodaya_2020,Antyodaya 2020,public_transport_feat_value,public_transport_feat_value,Public Transport feature value,Scores whether the village reports a public transport option.,,NA
1716,cs_antyodaya_2020,Antyodaya 2020,railway_station_feat_value,railway_station_feat_value,Railway Station feature value,Reported presence of railway Station; a higher value means it is available.,,NA
1717,cs_antyodaya_2020,Antyodaya 2020,pucca_housing_rate_feat_value,pucca_housing_rate_feat_value,Pucca Housing Rate feature value,"Share of households without both an unpaved wall and roof, estimated from the reported housing count; higher means better housing.",,NA
1718,cs_antyodaya_2020,Antyodaya 2020,housing_scheme_coverage_feat_value,housing_scheme_coverage_feat_value,Housing Scheme Coverage feature value,"Share of households receiving a PMAY or state housing benefit, capped at all households.",,NA
1719,cs_antyodaya_2020,Antyodaya 2020,pmay_demand_met_feat_value,pmay_demand_met_feat_value,Pmay Demand Met feature value,PMAY houses received divided by houses received plus households on the permanent waitlist; higher indicates more recorded demand met.,,NA
1720,cs_antyodaya_2020,Antyodaya 2020,ujjwala_coverage_feat_value,ujjwala_coverage_feat_value,Ujjwala Coverage feature value,Share of village households reporting PM Ujjwala benefits.,,NA
1721,cs_antyodaya_2020,Antyodaya 2020,awc_infra_enrollment_coverage_feat_value,awc_infra_enrollment_coverage_feat_value,Awc Infra Enrollment Coverage feature value,"Average availability of anganwadi and maternal-child facilities, early education, and child registration coverage for ages 0–6.",,NA
1722,cs_antyodaya_2020,Antyodaya 2020,maternal_health_care_access_feat_value,maternal_health_care_access_feat_value,Maternal Health Care Access feature value,"Average ICDS service coverage for pregnant and lactating women, institutional deliveries, and the inverse of reported maternal anaemia.",,NA
1723,cs_antyodaya_2020,Antyodaya 2020,child_nutrition_development_feat_value,child_nutrition_development_feat_value,Child Nutrition Development feature value,"Average child immunisation and inverse underweight, stunting, and anaemia rates; higher reflects better reported outcomes.",,NA
1724,cs_antyodaya_2020,Antyodaya 2020,newborn_health_outcomes_feat_value,newborn_health_outcomes_feat_value,Newborn Health Outcomes feature value,One minus the share of newborns reported underweight; higher reflects fewer low-birth-weight babies.,,NA
1725,cs_antyodaya_2020,Antyodaya 2020,health_schemes_utilization_feat_value,health_schemes_utilization_feat_value,Health Schemes Utilization feature value,"Average PMMVY uptake, PMJAY household registration, and Gram Panchayat PMJAY benefit uptake.",,NA
1726,cs_antyodaya_2020,Antyodaya 2020,piped_water_coverage_feat_value,piped_water_coverage_feat_value,Piped Water Coverage feature value,Average of reported habitation coverage by piped tap water and the share of households with a piped connection.,,boolean
1727,cs_antyodaya_2020,Antyodaya 2020,sanitation_coverage_feat_value,sanitation_coverage_feat_value,Sanitation Coverage feature value,One minus reported households not having sanitary latrines divided by households; scaled across villages so higher indicates better coverage.,,NA
1728,cs_antyodaya_2020,Antyodaya 2020,drainage_quality_feat_value,drainage_quality_feat_value,Drainage Quality feature value,"Scores drainage from none through unlined, open, covered open, to closed drainage.",,NA
1729,cs_antyodaya_2020,Antyodaya 2020,waste_disposal_feat_value,waste_disposal_feat_value,Waste Disposal feature value,Reported presence of community waste disposal system; a higher value means it is available.,,NA
1730,cs_antyodaya_2020,Antyodaya 2020,biogas_waste_recycling_feat_value,biogas_waste_recycling_feat_value,Biogas Waste Recycling feature value,Reported presence of community bio gas or recycle of waste; a higher value means it is available.,,NA
1731,cs_antyodaya_2020,Antyodaya 2020,cottage_units_available_feat_value,cottage_units_available_feat_value,Cottage Units Available feature value,Reported presence of cottage and small scale units; a higher value means it is available.,,boolean
1732,cs_antyodaya_2020,Antyodaya 2020,cottage_industry_participation_feat_value,cottage_industry_participation_feat_value,Cottage Industry Participation feature value,"Reported households engaged in cottage/small scale units divided by households, then scaled across villages for comparison.",,NA
1733,cs_antyodaya_2020,Antyodaya 2020,handloom_feat_value,handloom_feat_value,Handloom feature value,Reported presence of handloom; a higher value means it is available.,,NA
1734,cs_antyodaya_2020,Antyodaya 2020,handicrafts_feat_value,handicrafts_feat_value,Handicrafts feature value,Reported presence of handicrafts; a higher value means it is available.,,NA
1735,cs_antyodaya_2020,Antyodaya 2020,farm_employment_feat_value,farm_employment_feat_value,Farm Employment feature value,"Reported households engaged majorly in farm activities divided by households, then scaled across villages for comparison.",,NA
1736,cs_antyodaya_2020,Antyodaya 2020,community_forest_feat_value,community_forest_feat_value,Community Forest feature value,Reported presence of community Forest; a higher value means it is available.,,NA
1737,cs_antyodaya_2020,Antyodaya 2020,minor_forest_production_feat_value,minor_forest_production_feat_value,Minor Forest Production feature value,Reported presence of minor forest production; a higher value means it is available.,,NA
1738,cs_antyodaya_2020,Antyodaya 2020,forest_dependence_feat_value,forest_dependence_feat_value,Forest Dependence feature value,"Reported households where only source of livelihood is minor forest production divided by households, then scaled across villages for comparison.",,NA
1739,cs_antyodaya_2020,Antyodaya 2020,common_pastures_feat_value,common_pastures_feat_value,Common Pastures feature value,Reported presence of common pastures as per revenue records; a higher value means it is available.,,NA
1740,cs_antyodaya_2020,Antyodaya 2020,alternative_farming_feat_value,alternative_farming_feat_value,Alternative Farming feature value,"Share of these reported options available: bee Keeping, sericulture (Silk Production).",,NA
1741,cs_antyodaya_2020,Antyodaya 2020,fisheries_aquaculture_feat_value,fisheries_aquaculture_feat_value,Fisheries Aquaculture feature value,"Average presence of fish farming, community fish ponds, and aquaculture extension support.",,NA
1742,cs_antyodaya_2020,Antyodaya 2020,veterinary_services_feat_value,veterinary_services_feat_value,Veterinary Services feature value,Average availability of a veterinary hospital and livestock extension staff or community support.,,NA
1743,cs_antyodaya_2020,Antyodaya 2020,development_projects_feat_value,development_projects_feat_value,Development Projects feature value,"Share of these reported options available: project supporting Poultry Development, project supporting Goatary Development, project supporting Piggery Development.",,NA
1744,cs_antyodaya_2020,Antyodaya 2020,milk_routes_feat_value,milk_routes_feat_value,Milk Routes feature value,Reported presence of milk Collection Centre/Milk routes/Chilling Centres; a higher value means it is available.,,NA
1745,cs_antyodaya_2020,Antyodaya 2020,land_utilization_feat_value,land_utilization_feat_value,Land Utilization feature value,"Average of cultivated share of cultivable land, irrigated share, and seasonal cropping intensity; higher reflects more land use.",,NA
1746,cs_antyodaya_2020,Antyodaya 2020,irrigation_infra_watershed_dev_feat_value,irrigation_infra_watershed_dev_feat_value,Irrigation Infra Watershed Dev feature value,"Share of these reported options available: canal, community Rain Water Harvesting System/Pond/Dam/Check Dam, village is part of Watershed Development Project.",,NA
1747,cs_antyodaya_2020,Antyodaya 2020,nrega_nrm_exp_feat_value,nrega_nrm_exp_feat_value,Nrega Nrm Exp feature value,"Reported total expenditure approved under NRM in the Labour Budget divided by total approved Labour Budget for the year, then scaled across villages for comparison.",,NA
1748,cs_antyodaya_2020,Antyodaya 2020,modern_irrigation_feat_value,modern_irrigation_feat_value,Modern Irrigation feature value,"Reported farmers using drip/sprinkler irrigation divided by farmers, then scaled across villages for comparison.",,NA
1749,cs_antyodaya_2020,Antyodaya 2020,organic_farming_feat_value,organic_farming_feat_value,Organic Farming feature value,"Reported farmers adopted organic farming divided by farmers, then scaled across villages for comparison.",,NA
1750,cs_antyodaya_2020,Antyodaya 2020,agri_inputs_availability_feat_value,agri_inputs_availability_feat_value,Agri Inputs Availability feature value,"Average availability of a soil testing centre, fertiliser shop, and government seed centre.",,NA
1751,cs_antyodaya_2020,Antyodaya 2020,agri_risk_support_feat_value,agri_risk_support_feat_value,Agri Risk Support feature value,Average shares of farmers registered under PMKPY and receiving PMFBY benefits.,,NA
1752,cs_antyodaya_2020,Antyodaya 2020,soil_testing_adoption_feat_value,soil_testing_adoption_feat_value,Soil Testing Adoption feature value,"Reported farmers received the soil testing report divided by farmers, then scaled across villages for comparison.",,NA
1753,cs_antyodaya_2020,Antyodaya 2020,market_access_feat_value,market_access_feat_value,Market Access feature value,"Scores the strongest reported local market: none, weekly haat, regular market, or mandi.",,NA
1754,cs_antyodaya_2020,Antyodaya 2020,food_storage_feat_value,food_storage_feat_value,Food Storage feature value,Reported presence of warehouse for Food Grain Storage; a higher value means it is available.,,NA
1755,cs_antyodaya_2020,Antyodaya 2020,total_hhd,total_hhd,Total number of households,Total number of households.,,count
1756,cs_antyodaya_2020,Antyodaya 2020,total_hhd_mobilized_into_shg,total_hhd_mobilized_into_shg,Number of households mobilized into SHGs,Number of households mobilized into SHGs.,,count
1757,cs_antyodaya_2020,Antyodaya 2020,total_no_of_shg_promoted,total_no_of_shg_promoted,Number of SHGs federated into Village Organisations,Number of SHGs federated into Village Organisations.,,count
1758,cs_antyodaya_2020,Antyodaya 2020,total_shg,total_shg,Number of Self Help Groups (SHGs),Number of Self Help Groups (SHGs).,,count
1759,cs_antyodaya_2020,Antyodaya 2020,total_hhd_mobilized_into_pg,total_hhd_mobilized_into_pg,Number of households mobilized into Producer Groups,Number of households mobilized into Producer Groups.,,count
1760,cs_antyodaya_2020,Antyodaya 2020,availability_of_fpos_pacs,availability_of_fpos_pacs,Availability of Farmers Collective (Farmer Producer Organizations (FPOs)/Primary Agricultural Credit Societies (PACS)),"Availability of Farmers Collective (Farmer Producer Organizations (FPOs)/Primary Agricultural Credit Societies (PACS)). Reported codes: (1 = FPO, 2 = PACS, 3 = Both, 4 = None)",,count
1761,cs_antyodaya_2020,Antyodaya 2020,gp_total_hhd_eligible_under_nfsa,gp_total_hhd_eligible_under_nfsa,Total number of eligible households under NFSA,Total number of eligible households under NFSA.,,count
1762,cs_antyodaya_2020,Antyodaya 2020,gp_total_hhd_receiving_food_grains_from_fps,gp_total_hhd_receiving_food_grains_from_fps,Total no of households receiving food grains from Fair Price Shops,Total no of households receiving food grains from Fair Price Shops.,,count
1763,cs_antyodaya_2020,Antyodaya 2020,total_hhd_having_bpl_cards,total_hhd_having_bpl_cards,Number of Households having BPL ration cards,Number of Households having BPL ration cards.,,percent
1764,cs_antyodaya_2020,Antyodaya 2020,total_hhd_availing_pension_under_nsap,total_hhd_availing_pension_under_nsap,Number of Households getting pensions under NSAP,Number of Households getting pensions under NSAP.,,count
1765,cs_antyodaya_2020,Antyodaya 2020,availability_of_panchayat_bhawan,availability_of_panchayat_bhawan,Availability of Panchayat Bhawan,"Availability of Panchayat Bhawan. Reported codes: (1 = Yes, 2 = No)",,NA
1766,cs_antyodaya_2020,Antyodaya 2020,is_post_office_available,is_post_office_available,Availability of Post office/Sub-Post office,"Availability of Post office/Sub-Post office. Reported codes:(1 = Yes, 2 = No)",,boolean
1767,cs_antyodaya_2020,Antyodaya 2020,total_no_of_elect_rep_undergone_training_under_rgsa,total_no_of_elect_rep_undergone_training_under_rgsa,No of elected representatives undergone refresher training under RGSA,No of elected representatives undergone refresher training under RGSA.,,NA
1768,cs_antyodaya_2020,Antyodaya 2020,total_no_of_elected_representatives,total_no_of_elected_representatives,Total no of elected representatives,Total no of elected representatives.,,NA
1769,cs_antyodaya_2020,Antyodaya 2020,total_no_of_elect_rep_oriented_under_rgsa,total_no_of_elect_rep_oriented_under_rgsa,No of elected representatives oriented under RGSA,No of elected representatives oriented under RGSA.,,NA
1770,cs_antyodaya_2020,Antyodaya 2020,availability_of_public_information_board,availability_of_public_information_board,Availability of Public Information Board under People's Plan Campaign,"Availability of Public Information Board under People's Plan Campaign. Reported codes: (1 = Not Available, 2 = Available and updated, 3 = Available but not updated)",,count
1771,cs_antyodaya_2020,Antyodaya 2020,availability_of_public_library,availability_of_public_library,Availability of Public Library,"Availability of Public Library. Reported codes: (1 = Yes, 2 = No)",,NA
1772,cs_antyodaya_2020,Antyodaya 2020,is_bank_available,is_bank_available,Availability of banks,"Availability of banks. Reported codes: (1 = Yes, 2 = No)",,boolean
1773,cs_antyodaya_2020,Antyodaya 2020,is_atm_available,is_atm_available,Availability of ATM,"Availability of ATM. Reported codes: (1 = Yes, 2 = No)",,boolean
1774,cs_antyodaya_2020,Antyodaya 2020,is_bank_buss_correspondent_with_internet,is_bank_buss_correspondent_with_internet,Availability of Business Correspondent with internet connectivity,"Availability of Business Correspondent with internet connectivity. Reported codes: (1 = Yes, 2 = No)",,boolean
1775,cs_antyodaya_2020,Antyodaya 2020,total_shg_accessed_bank_loans,total_shg_accessed_bank_loans,No of SHGs which accessed bank loans,No of SHGs which accessed bank loans.,,NA
1776,cs_antyodaya_2020,Antyodaya 2020,total_hhd_availing_pmjdy_bank_ac,total_hhd_availing_pmjdy_bank_ac,Number of households having Jan-Dhan bank account,Number of households having Jan-Dhan bank account.,,count
1777,cs_antyodaya_2020,Antyodaya 2020,availablility_hours_of_domestic_electricity,availablility_hours_of_domestic_electricity,Availability of electricity for domestic use,Availability of electricity for domestic use.,,NA
1778,cs_antyodaya_2020,Antyodaya 2020,availability_of_elect_supply_to_msme,availability_of_elect_supply_to_msme,Availability of Electricity Supply to MSME Units,"Availability of Electricity Supply to MSME Units. Reported codes:(1 = Yes, 2 = No)",,NA
1779,cs_antyodaya_2020,Antyodaya 2020,total_hhd_with_clean_energy,total_hhd_with_clean_energy,Total no of households using clean energy (LPG/Bio gas),Total no of households using clean energy (LPG/Bio gas).,,count
1780,cs_antyodaya_2020,Antyodaya 2020,is_village_connected_to_all_weather_road,is_village_connected_to_all_weather_road,Whether the village is connected to All weather road,"Whether the village is connected to All weather road. Reported codes: (1 = Yes, 2 = No)",,boolean
1781,cs_antyodaya_2020,Antyodaya 2020,availability_of_internal_pucca_road,availability_of_internal_pucca_road,Availability of internal pucca roads,"Availability of internal pucca roads. Reported codes: (1 = Fully covered, 2 = Partially covered, 3 = Not covered)",,NA
1782,cs_antyodaya_2020,Antyodaya 2020,availability_of_public_transport,availability_of_public_transport,Availability of Public Transport,"Availability of Public Transport. Reported codes: (1 = Bus, 2 = Van, 3 = Auto, 4 = None)",,NA
1783,cs_antyodaya_2020,Antyodaya 2020,availability_of_railway_station,availability_of_railway_station,Availability of Railway Station,"Availability of Railway Station. Reported codes: (1 = Yes, 2 = No)",,NA
1784,cs_antyodaya_2020,Antyodaya 2020,total_hhd_with_kuccha_wall_kuccha_roof,total_hhd_with_kuccha_wall_kuccha_roof,No of household with kuccha wall and kuccha roof,No of household with kuccha wall and kuccha roof.,,NA
1785,cs_antyodaya_2020,Antyodaya 2020,total_hhd_got_benefit_under_state_housing_scheme,total_hhd_got_benefit_under_state_housing_scheme,No of Households benefited from State Specific Housing Scheme,No of Households benefited from State Specific Housing Scheme.,,count
1786,cs_antyodaya_2020,Antyodaya 2020,total_hhd_have_got_pmay_house,total_hhd_have_got_pmay_house,No of Households who have got a PMAY House (completed or sanctioned),No of Households who have got a PMAY House (completed or sanctioned).,,count
1787,cs_antyodaya_2020,Antyodaya 2020,total_hhd_in_pmay_permanent_wait_list,total_hhd_in_pmay_permanent_wait_list,No of Households in Permanent Wait List for PMAY,No of Households in Permanent Wait List for PMAY.,,count
1788,cs_antyodaya_2020,Antyodaya 2020,total_hhd_availing_pmuy_benefits,total_hhd_availing_pmuy_benefits,Number of Households availing benefits of Pradhan Mantri Ujjwala Yojana (PMUY),Number of Households availing benefits of Pradhan Mantri Ujjwala Yojana (PMUY).,,count
1789,cs_antyodaya_2020,Antyodaya 2020,availability_of_mother_child_health_facilities,availability_of_mother_child_health_facilities,Availability of Mother and Child Health facilities,"Availability of Mother and Child Health facilities. Reported codes: (1 = Yes, 2 = No)",,NA
1790,cs_antyodaya_2020,Antyodaya 2020,is_aanganwadi_centre_available,is_aanganwadi_centre_available,Availability of Aanganwadi Centre,"Availability of Aanganwadi Centre. Reported codes:(1 = Yes, 2 = No)",,boolean
1791,cs_antyodaya_2020,Antyodaya 2020,is_early_childhood_edu_provided_in_anganwadi,is_early_childhood_edu_provided_in_anganwadi,Is Early Childhood Education provided in the Anganwadi,"Is Early Childhood Education provided in the Anganwadi. Reported codes: (1 = Yes, 2 = No)",,boolean
1792,cs_antyodaya_2020,Antyodaya 2020,total_childs_aged_0_to_3_years,total_childs_aged_0_to_3_years,Total no of children in the age group of 0-3 years,Total no of children in the age group of 0-3 years.,,NA
1793,cs_antyodaya_2020,Antyodaya 2020,total_childs_aged_0_to_3_years_reg_under_aanganwadi,total_childs_aged_0_to_3_years_reg_under_aanganwadi,Total no of children aged 0-3 years registered in Aanganwadi,Total no of children aged 0-3 years registered in Aanganwadi.,,NA
1794,cs_antyodaya_2020,Antyodaya 2020,total_childs_aged_3_to_6_years_reg_under_aanganwadi,total_childs_aged_3_to_6_years_reg_under_aanganwadi,Total no of children aged 3-6 years registered in Aanganwadi,Total no of children aged 3-6 years registered in Aanganwadi.,,NA
1795,cs_antyodaya_2020,Antyodaya 2020,total_female_child_age_bw_0_6,total_female_child_age_bw_0_6,No of Female Children (0-6 Years),No of Female Children (0-6 Years).,,NA
1796,cs_antyodaya_2020,Antyodaya 2020,total_male_child_age_bw_0_6,total_male_child_age_bw_0_6,No of Male Children (0-6 Years),No of Male Children (0-6 Years).,,NA
1797,cs_antyodaya_2020,Antyodaya 2020,total_no_of_children_in_icds_cas,total_no_of_children_in_icds_cas,Total no of children in ICDS Common Application Software,Total no of children in ICDS Common Application Software.,,NA
1798,cs_antyodaya_2020,Antyodaya 2020,total_no_of_registered_children_in_anganwadi,total_no_of_registered_children_in_anganwadi,Total number of registered children in Anganwadi,Total number of registered children in Anganwadi.,,count
1799,cs_antyodaya_2020,Antyodaya 2020,total_anemic_pregnant_women,total_anemic_pregnant_women,No. of Anaemic Pregnant Women,No. of Anaemic Pregnant Women.,,NA
1800,cs_antyodaya_2020,Antyodaya 2020,total_no_of_lactating_mothers,total_no_of_lactating_mothers,Total number of lactating mothers,Total number of lactating mothers.,,count
1801,cs_antyodaya_2020,Antyodaya 2020,total_no_of_lactating_mothers_receiving_services_under_icds,total_no_of_lactating_mothers_receiving_services_under_icds,No of lactating mothers receiving services under ICDS,No of lactating mothers receiving services under ICDS.,,NA
1802,cs_antyodaya_2020,Antyodaya 2020,total_no_of_pregnant_women,total_no_of_pregnant_women,Total number of Pregnant women,Total number of Pregnant women.,,count
1803,cs_antyodaya_2020,Antyodaya 2020,total_no_of_pregnant_women_receiving_services_under_icds,total_no_of_pregnant_women_receiving_services_under_icds,No of pregnant women receiving services under ICDS,No of pregnant women receiving services under ICDS.,,NA
1804,cs_antyodaya_2020,Antyodaya 2020,total_no_of_women_delivered_babies_at_hospitals_registered_asha,total_no_of_women_delivered_babies_at_hospitals_registered_asha,Total no of women delivered babies at hospitals registered with ASHA,Total no of women delivered babies at hospitals registered with ASHA.,,NA
1805,cs_antyodaya_2020,Antyodaya 2020,total_childs_aged_0_to_3_years_immunized,total_childs_aged_0_to_3_years_immunized,No of children aged 0-3 years immunized,No of children aged 0-3 years immunized.,,NA
1806,cs_antyodaya_2020,Antyodaya 2020,total_childs_categorized_non_stunted_as_per_icds,total_childs_categorized_non_stunted_as_per_icds,No of children categorized as Non-Stunted as per ICDS record,No of children categorized as Non-Stunted as per ICDS record.,,NA
1807,cs_antyodaya_2020,Antyodaya 2020,total_no_of_young_anemic_children_6_59_months_in_icds_cas,total_no_of_young_anemic_children_6_59_months_in_icds_cas,No of young anaemic children in ICDS CAS (6-59 months),No of young anaemic children in ICDS CAS (6-59 months).,,NA
1808,cs_antyodaya_2020,Antyodaya 2020,total_underweight_child_age_under_6_years,total_underweight_child_age_under_6_years,No. of children under the age of 6 years who are underweight,No. of children under the age of 6 years who are underweight.,,dimensionless
1809,cs_antyodaya_2020,Antyodaya 2020,total_no_of_newly_born_children,total_no_of_newly_born_children,Total number of newly born children during the year,Total number of newly born children during the year.,,year
1810,cs_antyodaya_2020,Antyodaya 2020,total_no_of_newly_born_underweight_children,total_no_of_newly_born_underweight_children,No of newly born children underweight,No of newly born children underweight.,,dimensionless
1811,cs_antyodaya_2020,Antyodaya 2020,gp_total_no_of_beneficiaries_receiving_benefits_under_pmjay,gp_total_no_of_beneficiaries_receiving_benefits_under_pmjay,No. of beneficiaries receiving benefits under PMJAY,No. of beneficiaries receiving benefits under PMJAY.,,NA
1812,cs_antyodaya_2020,Antyodaya 2020,gp_total_no_of_eligible_beneficiaries_under_pmjay,gp_total_no_of_eligible_beneficiaries_under_pmjay,Total no. of eligible beneficiaries under PMJAY,Total no. of eligible beneficiaries under PMJAY.,,NA
1813,cs_antyodaya_2020,Antyodaya 2020,total_hhd_registered_under_pmjay,total_hhd_registered_under_pmjay,No. of Households registered under PMJAY/State Health Insurance,No. of Households registered under PMJAY/State Health Insurance.,,count
1814,cs_antyodaya_2020,Antyodaya 2020,total_no_of_beneficiaries_receiving_benefits_under_pmmvy,total_no_of_beneficiaries_receiving_benefits_under_pmmvy,No of beneficiaries receiving benefits under PMMVY,No of beneficiaries receiving benefits under PMMVY.,,NA
1815,cs_antyodaya_2020,Antyodaya 2020,total_no_of_eligible_beneficiaries_under_pmmvy,total_no_of_eligible_beneficiaries_under_pmmvy,Total no of eligible beneficiaries under PMMVY,Total no of eligible beneficiaries under PMMVY.,,NA
1816,cs_antyodaya_2020,Antyodaya 2020,availability_of_piped_tap_water,availability_of_piped_tap_water,Availability of Piped tap water (Coverage),Availability of Piped tap water (Coverage).,,boolean
1817,cs_antyodaya_2020,Antyodaya 2020,total_hhd_having_piped_water_connection,total_hhd_having_piped_water_connection,No of households having piped water connection,No of households having piped water connection.,,count
1818,cs_antyodaya_2020,Antyodaya 2020,total_hhd_not_having_sanitary_latrines,total_hhd_not_having_sanitary_latrines,No of households not having sanitary latrines,No of households not having sanitary latrines.,,count
1819,cs_antyodaya_2020,Antyodaya 2020,availability_of_drainage_system,availability_of_drainage_system,Availability of drainage facilities,Availability of drainage facilities.,,NA
1820,cs_antyodaya_2020,Antyodaya 2020,is_community_waste_disposal_system,is_community_waste_disposal_system,Community waste disposal system,"Community waste disposal system. Reported codes: (1 = Yes, 2 = No)",,boolean
1821,cs_antyodaya_2020,Antyodaya 2020,is_community_biogas_waste_recycle_for_production,is_community_biogas_waste_recycle_for_production,Community bio gas or recycle of waste,"Community bio gas or recycle of waste. Reported codes: (1 = Yes, 2 = No)",,boolean
1822,cs_antyodaya_2020,Antyodaya 2020,availability_of_cottage_small_scale_units,availability_of_cottage_small_scale_units,Availability of cottage and small scale units,"Availability of cottage and small scale units. Reported codes: (1 = Yes, 2 = No)",,NA
1823,cs_antyodaya_2020,Antyodaya 2020,total_hhd_engaged_cottage_small_scale_units,total_hhd_engaged_cottage_small_scale_units,Number of Households engaged in cottage/small scale units,Number of Households engaged in cottage/small scale units.,,count
1824,cs_antyodaya_2020,Antyodaya 2020,is_handloom,is_handloom,Handloom,"Handloom. Reported codes: (1 = Yes, 2 = No)",,boolean
1825,cs_antyodaya_2020,Antyodaya 2020,is_handicrafts,is_handicrafts,Handicrafts,"Handicrafts. Reported codes: (1 = Yes, 2 = No)",,boolean
1826,cs_antyodaya_2020,Antyodaya 2020,total_hhd_engaged_in_farm_activities,total_hhd_engaged_in_farm_activities,Number of households engaged majorly in farm activities,Number of households engaged majorly in farm activities.,,count
1827,cs_antyodaya_2020,Antyodaya 2020,availability_of_community_forest,availability_of_community_forest,Availability of Community Forest,"Availability of Community Forest. Reported codes: (1 = Yes, 2 = No)",,NA
1828,cs_antyodaya_2020,Antyodaya 2020,availability_of_minor_forest_production,availability_of_minor_forest_production,Availability of minor forest production,"Availability of minor forest production. Reported codes: (1 = Yes, 2 = No)",,NA
1829,cs_antyodaya_2020,Antyodaya 2020,total_hhd_source_of_minor_forest_production,total_hhd_source_of_minor_forest_production,Number of Households where only source of livelihood is minor forest production,Number of Households where only source of livelihood is minor forest production.,,count
1830,cs_antyodaya_2020,Antyodaya 2020,is_common_pastures_available,is_common_pastures_available,Common pastures as per revenue records,"Common pastures as per revenue records. Reported codes: (1 = Yes, 2 = No)",,boolean
1831,cs_antyodaya_2020,Antyodaya 2020,is_bee_farming,is_bee_farming,Bee Keeping,"Bee Keeping. Reported codes:(1 = Yes, 2 = No)",,boolean
1832,cs_antyodaya_2020,Antyodaya 2020,is_sericulture,is_sericulture,Sericulture (Silk Production),"Sericulture (Silk Production). Reported codes: (1 = Yes, 2 = No)",,boolean
1833,cs_antyodaya_2020,Antyodaya 2020,availability_of_aquaculture_ext_facility,availability_of_aquaculture_ext_facility,Extension facilities for Aquaculture,"Extension facilities for Aquaculture. Reported codes: (1 = Yes, 2 = No)",,NA
1834,cs_antyodaya_2020,Antyodaya 2020,availability_of_fish_community_ponds,availability_of_fish_community_ponds,Community Ponds Used for Fisheries,"Community Ponds Used for Fisheries. Reported codes:(1 = Yes, 2 = No)",,NA
1835,cs_antyodaya_2020,Antyodaya 2020,availability_of_fish_farming,availability_of_fish_farming,Pisciculture - InLand Fishery/Coastal Fishery,"Pisciculture - InLand Fishery/Coastal Fishery. Reported codes: (1 = Yes, 2 = No)",,NA
1836,cs_antyodaya_2020,Antyodaya 2020,availability_of_livestock_extension_services,availability_of_livestock_extension_services,Availability of Livestock Extension services,"Availability of Livestock Extension services. Reported codes: (1 = Livestock Extension Officer, 2 = PashuSakhi/Mitra, 3 = Not Available)",,count
1837,cs_antyodaya_2020,Antyodaya 2020,is_veterinary_hospital_available,is_veterinary_hospital_available,Availability of Veterinary Clinic or Hospital,"Availability of Veterinary Clinic or Hospital. Reported codes:(1 = Yes, 2 = No)",,boolean
1838,cs_antyodaya_2020,Antyodaya 2020,availability_of_goatary_dev_project,availability_of_goatary_dev_project,Project supporting Goatary Development,"Project supporting Goatary Development. Reported codes: (1 = Yes, 2 = No)",,count
1839,cs_antyodaya_2020,Antyodaya 2020,availability_of_pigery_development,availability_of_pigery_development,Project supporting Piggery Development,"Project supporting Piggery Development. Reported codes:(1 = Yes, 2 = No)",,count
1840,cs_antyodaya_2020,Antyodaya 2020,availability_of_poultry_dev_project,availability_of_poultry_dev_project,Project supporting Poultry Development,"Project supporting Poultry Development. Reported codes:(1 = Yes, 2 = No)",,NA
1841,cs_antyodaya_2020,Antyodaya 2020,availability_of_milk_routes,availability_of_milk_routes,Availability of Milk Collection Centre/Milk routes/Chilling Centres,"Availability of Milk Collection Centre/Milk routes/Chilling Centres. Reported codes:(1 = Yes, 2 = No)",,NA
1842,cs_antyodaya_2020,Antyodaya 2020,area_irrigated_in_hac,area_irrigated_in_hac,Total area irrigated,Total area irrigated.,,ha
1843,cs_antyodaya_2020,Antyodaya 2020,net_sown_area_in_hac,net_sown_area_in_hac,Net sown Area,Net sown Area.,,ha
1844,cs_antyodaya_2020,Antyodaya 2020,net_sown_area_kharif_in_hac,net_sown_area_kharif_in_hac,Net sown Area during Kharif season,Net sown Area during Kharif season.,,ha
1845,cs_antyodaya_2020,Antyodaya 2020,net_sown_area_other_in_hac,net_sown_area_other_in_hac,Net sown Area during other seasons,Net sown Area during other seasons.,,ha
1846,cs_antyodaya_2020,Antyodaya 2020,net_sown_area_rabi_in_hac,net_sown_area_rabi_in_hac,Net sown Area during Rabi season,Net sown Area during Rabi season.,,ha
1847,cs_antyodaya_2020,Antyodaya 2020,total_cultivable_area_in_hac,total_cultivable_area_in_hac,Total Cultivable Area,Total Cultivable Area.,,ha
1848,cs_antyodaya_2020,Antyodaya 2020,availability_of_major_source_of_irrigation,availability_of_major_source_of_irrigation,Main Source of irrigation,"Main Source of irrigation. Reported codes:(1=Canal, 2=Surface water, 3=Ground water,4=Other)",,NA
1849,cs_antyodaya_2020,Antyodaya 2020,availability_of_rain_harvest_system,availability_of_rain_harvest_system,Availability of Community Rain Water Harvesting System/Pond/Dam/Check Dam,"Availability of Community Rain Water Harvesting System/Pond/Dam/Check Dam. Reported codes: (1 = Yes, 2 = No)",,boolean
1850,cs_antyodaya_2020,Antyodaya 2020,availability_of_watershed_dev_project,availability_of_watershed_dev_project,Whether village is part of Watershed Development Project,"Whether village is part of Watershed Development Project. Reported codes:(1 = Yes, 2 = No)",,NA
1851,cs_antyodaya_2020,Antyodaya 2020,total_approved_labour_budget_for_year,total_approved_labour_budget_for_year,Total approved Labour Budget for the year,Total approved Labour Budget for the year.,,INR
1852,cs_antyodaya_2020,Antyodaya 2020,total_expenditure_approved_under_nrm_labour_budget_during_yr,total_expenditure_approved_under_nrm_labour_budget_during_yr,Total expenditure approved under NRM in the Labour Budget,Total expenditure approved under NRM in the Labour Budget.,,INR
1853,cs_antyodaya_2020,Antyodaya 2020,no_of_farmers_using_drip_sprinkler,no_of_farmers_using_drip_sprinkler,Number of farmers using drip/sprinkler irrigation,Number of farmers using drip/sprinkler irrigation.,,count
1854,cs_antyodaya_2020,Antyodaya 2020,total_no_of_farmers,total_no_of_farmers,Total no of farmers,Total no of farmers.,,count
1855,cs_antyodaya_2020,Antyodaya 2020,total_no_farmers_adopted_organic_farming,total_no_farmers_adopted_organic_farming,No of farmers adopted organic farming,No of farmers adopted organic farming.,,count
1856,cs_antyodaya_2020,Antyodaya 2020,is_fertilizer_shop_available,is_fertilizer_shop_available,Availability of fertilizer shop,"Availability of fertilizer shop. Reported codes: (1 = Yes, 2 = No)",,boolean
1857,cs_antyodaya_2020,Antyodaya 2020,is_govt_seed_centre_available,is_govt_seed_centre_available,Availability of government seed centres,"Availability of government seed centres. Reported codes: (1 = Yes, 2 = No)",,boolean
1858,cs_antyodaya_2020,Antyodaya 2020,is_soil_testing_centre_available,is_soil_testing_centre_available,Availability of soil testing centres,"Availability of soil testing centres. Reported codes: (1 = Yes, 2 = No)",,boolean
1859,cs_antyodaya_2020,Antyodaya 2020,total_no_of_farmers_received_benefit_under_pmfby,total_no_of_farmers_received_benefit_under_pmfby,No of farmers received benefits under PMFBY,No of farmers received benefits under PMFBY.,,count
1860,cs_antyodaya_2020,Antyodaya 2020,total_no_of_farmers_registered_under_pmkpy,total_no_of_farmers_registered_under_pmkpy,Total number of farmers registered under PM Kisan Pension Yojana,Total number of farmers registered under PM Kisan Pension Yojana.,,count
1861,cs_antyodaya_2020,Antyodaya 2020,total_no_of_farmers_add_fert_in_soil_as_per_report,total_no_of_farmers_add_fert_in_soil_as_per_report,Number of farmers received the soil testing report,Number of farmers received the soil testing report.,,count
1862,cs_antyodaya_2020,Antyodaya 2020,availability_of_market,availability_of_market,Availability of markets,"Availability of markets. Reported codes: (1 = Mandis, 2 = Regular market, 3 = Weekly haat, 4 = None)",,NA
1863,cs_antyodaya_2020,Antyodaya 2020,availability_of_food_storage_warehouse,availability_of_food_storage_warehouse,Availability of warehouse for Food Grain Storage,"Availability of warehouse for Food Grain Storage. Reported codes: (1 = Yes, 2 = No)",,NA
1864,change_vector_ShrubChange,Change Detection Vector,uid,uid,,unique identifier of micro watershed,,NA
1865,change_vector_ShrubChange,Change Detection Vector,area_in_ha,area_in_ha,,total area of the micro watershed in hectares (ha),,ha
1866,change_vector_ShrubChange,Change Detection Vector,bacode,bacode,,basin code identifying the river basin to which the feature belongs,,NA
1867,change_vector_ShrubChange,Change Detection Vector,sbcode,sbcode,,sub-basin code identifying the sub-basin unit within the larger river basin.,,NA
1868,change_vector_ShrubChange,Change Detection Vector,wsconc,wsconc,,watershed concatenation code representing the hierarchical reference identifier for the micro watershed.,,NA
1869,change_vector_ShrubChange,Change Detection Vector,STATE,STATE,,state in which the micro watershed is located,,NA
1870,change_vector_ShrubChange,Change Detection Vector,District,District,,district in which the micro watershed is located,,NA
1871,change_vector_ShrubChange,Change Detection Vector,TEHSIL,TEHSIL,,tehsil/block in which the micro watershed is located,,NA
1872,change_vector_ShrubChange,Change Detection Vector,sh_sh,sh_sh,,Shrub area that remained shrub (unchanged),,percent
1873,change_vector_ShrubChange,Change Detection Vector,sh_fa,sh_fa,,Shrub area that transitioned to farmland,,percent
1874,change_vector_ShrubChange,Change Detection Vector,sh_tr,sh_tr,,Shrub area that transitioned to tree cover,,percent
1875,change_vector_ShrubChange,Change Detection Vector,sh_bu,sh_bu,,Shrub area that transitioned to built-up,,percent
1876,change_vector_ShrubChange,Change Detection Vector,sh_wa,sh_wa,,Shrub area that transitioned to water bodies,,percent
1877,change_vector_ShrubChange,Change Detection Vector,sh_ba,sh_ba,,Shrub area that transitioned to barren land,,percent
1878,change_vector_ShrubChange,Change Detection Vector,total_change,total_change,,Total shrub area that changed to any other class except the unchanged shrub ,,percent
1879,swb_waterbodies_ZoI,Surface Water Bodies,UID,UID,,unique identifier for the Zone of Influence (ZoI) polygon record,,NA
1880,swb_waterbodies_ZoI,Surface Water Bodies,wb_id,wb_id,,"unique identifier of the source waterbody around which this ZoI buffer is drawn, used to cross-link with the waterbodies layer",,NA
1881,swb_waterbodies_ZoI,Surface Water Bodies,ZoI,ZoI,,Radius of ZoI in meters,,NA
1882,swb_waterbodies_ZoI,Surface Water Bodies,ZoI_area,ZoI_area,,Area of ZoI in hectares,,ha
1883,swb_waterbodies_ZoI,Surface Water Bodies,cropping_intensity_2017,cropping_intensity_2017,,Cropping intensity of ZoI for 2017,,dimensionless
1884,swb_waterbodies_ZoI,Surface Water Bodies,cropping_intensity_2018,cropping_intensity_2018,,Cropping intensity of ZoI for 2018,,dimensionless
1885,swb_waterbodies_ZoI,Surface Water Bodies,cropping_intensity_2019,cropping_intensity_2019,,Cropping intensity of ZoI for 2019,,dimensionless
1886,swb_waterbodies_ZoI,Surface Water Bodies,cropping_intensity_2020,cropping_intensity_2020,,Cropping intensity of ZoI for 2020,,dimensionless
1887,swb_waterbodies_ZoI,Surface Water Bodies,cropping_intensity_2021,cropping_intensity_2021,,Cropping intensity of ZoI for 2021,,dimensionless
1888,swb_waterbodies_ZoI,Surface Water Bodies,cropping_intensity_2022,cropping_intensity_2022,,Cropping intensity of ZoI for 2022,,dimensionless
1889,swb_waterbodies_ZoI,Surface Water Bodies,cropping_intensity_2023,cropping_intensity_2023,,Cropping intensity of ZoI for 2023,,dimensionless
1890,swb_waterbodies_ZoI,Surface Water Bodies,cropping_intensity_2024,cropping_intensity_2024,,cropping intensity of ZoI for 2024,,dimensionless
1891,swb_waterbodies_ZoI,Surface Water Bodies,single_cropped_area_2017,single_cropped_area_2017,,single cropped area of ZoI in hectares for 2017,,ha
1892,swb_waterbodies_ZoI,Surface Water Bodies,single_cropped_area_2018,single_cropped_area_2018,,single cropped area of ZoI in hectares for 2018,,ha
1893,swb_waterbodies_ZoI,Surface Water Bodies,single_cropped_area_2019,single_cropped_area_2019,,single cropped area of ZoI in hectares for 2019,,ha
1894,swb_waterbodies_ZoI,Surface Water Bodies,single_cropped_area_2020,single_cropped_area_2020,,single cropped area of ZoI in hectares for 2020,,ha
1895,swb_waterbodies_ZoI,Surface Water Bodies,single_cropped_area_2021,single_cropped_area_2021,,single cropped area of ZoI in hectares for 2021,,ha
1896,swb_waterbodies_ZoI,Surface Water Bodies,single_cropped_area_2022,single_cropped_area_2022,,single cropped area of ZoI in hectares for 2022,,ha
1897,swb_waterbodies_ZoI,Surface Water Bodies,single_cropped_area_2023,single_cropped_area_2023,,single cropped area of ZoI in hectares for 2023,,ha
1898,swb_waterbodies_ZoI,Surface Water Bodies,single_cropped_area_2024,single_cropped_area_2024,,single cropped area of ZoI in hectares for 2024,,ha
1899,swb_waterbodies_ZoI,Surface Water Bodies,single_kharif_cropped_area_2017,single_kharif_cropped_area_2017,,single kharif cropped area of ZoI for 2017,,ha
1900,swb_waterbodies_ZoI,Surface Water Bodies,single_kharif_cropped_area_2018,single_kharif_cropped_area_2018,,single kharif cropped area of ZoI for 2018,,ha
1901,swb_waterbodies_ZoI,Surface Water Bodies,single_kharif_cropped_area_2019,single_kharif_cropped_area_2019,,single kharif cropped area of ZoI for 2019,,ha
1902,swb_waterbodies_ZoI,Surface Water Bodies,single_kharif_cropped_area_2020,single_kharif_cropped_area_2020,,single kharif cropped area of ZoI for 2020,,ha
1903,swb_waterbodies_ZoI,Surface Water Bodies,single_kharif_cropped_area_2021,single_kharif_cropped_area_2021,,single kharif cropped area of ZoI for 2021,,ha
1904,swb_waterbodies_ZoI,Surface Water Bodies,single_kharif_cropped_area_2022,single_kharif_cropped_area_2022,,single kharif cropped area of ZoI for 2022,,ha
1905,swb_waterbodies_ZoI,Surface Water Bodies,single_kharif_cropped_area_2023,single_kharif_cropped_area_2023,,single kharif cropped area of ZoI for 2023,,ha
1906,swb_waterbodies_ZoI,Surface Water Bodies,single_kharif_cropped_area_2024,single_kharif_cropped_area_2024,,single kharif cropped area of ZoI for 2024,,ha
1907,swb_waterbodies_ZoI,Surface Water Bodies,single_non_kharif_cropped_area_2017,single_non_kharif_cropped_area_2017,,single non kharif cropped area of ZoI for 2017,,ha
1908,swb_waterbodies_ZoI,Surface Water Bodies,single_non_kharif_cropped_area_2018,single_non_kharif_cropped_area_2018,,single non kharif cropped area of ZoI for 2018,,ha
1909,swb_waterbodies_ZoI,Surface Water Bodies,single_non_kharif_cropped_area_2019,single_non_kharif_cropped_area_2019,,single non kharif cropped area of ZoI for 2019,,ha
1910,swb_waterbodies_ZoI,Surface Water Bodies,single_non_kharif_cropped_area_2020,single_non_kharif_cropped_area_2020,,single non kharif cropped area of ZoI for 2020,,ha
1911,swb_waterbodies_ZoI,Surface Water Bodies,single_non_kharif_cropped_area_2021,single_non_kharif_cropped_area_2021,,single non kharif cropped area of ZoI for 2021,,ha
1912,swb_waterbodies_ZoI,Surface Water Bodies,single_non_kharif_cropped_area_2022,single_non_kharif_cropped_area_2022,,single non kharif cropped area of ZoI for 2022,,ha
1913,swb_waterbodies_ZoI,Surface Water Bodies,single_non_kharif_cropped_area_2023,single_non_kharif_cropped_area_2023,,single non kharif cropped area of ZoI for 2023,,ha
1914,swb_waterbodies_ZoI,Surface Water Bodies,single_non_kharif_cropped_area_2024,single_non_kharif_cropped_area_2024,,single non kharif cropped area of ZoI for 2024,,ha
1915,swb_waterbodies_ZoI,Surface Water Bodies,doubly_cropped_area_2017,doubly_cropped_area_2017,,double cropped area of ZoI for 2017,,ha
1916,swb_waterbodies_ZoI,Surface Water Bodies,doubly_cropped_area_2018,doubly_cropped_area_2018,,double cropped area of ZoI for 2018,,ha
1917,swb_waterbodies_ZoI,Surface Water Bodies,doubly_cropped_area_2019,doubly_cropped_area_2019,,double cropped area of ZoI for 2019,,ha
1918,swb_waterbodies_ZoI,Surface Water Bodies,doubly_cropped_area_2020,doubly_cropped_area_2020,,double cropped area of ZoI for 2020,,ha
1919,swb_waterbodies_ZoI,Surface Water Bodies,doubly_cropped_area_2021,doubly_cropped_area_2021,,double cropped area of ZoI for 2021,,ha
1920,swb_waterbodies_ZoI,Surface Water Bodies,doubly_cropped_area_2022,doubly_cropped_area_2022,,double cropped area of ZoI for 2022,,ha
1921,swb_waterbodies_ZoI,Surface Water Bodies,doubly_cropped_area_2023,doubly_cropped_area_2023,,double cropped area of ZoI for 2023,,ha
1922,swb_waterbodies_ZoI,Surface Water Bodies,doubly_cropped_area_2024,doubly_cropped_area_2024,,double cropped area of ZoI for 2024,,ha
1923,swb_waterbodies_ZoI,Surface Water Bodies,triply_cropped_area_2017,triply_cropped_area_2017,,tripple cropped area of ZoI for 2017,,ha
1924,swb_waterbodies_ZoI,Surface Water Bodies,triply_cropped_area_2018,triply_cropped_area_2018,,tripple cropped area of ZoI for 2018,,ha
1925,swb_waterbodies_ZoI,Surface Water Bodies,triply_cropped_area_2019,triply_cropped_area_2019,,tripple cropped area of ZoI for 2019,,ha
1926,swb_waterbodies_ZoI,Surface Water Bodies,triply_cropped_area_2020,triply_cropped_area_2020,,tripple cropped area of ZoI for 2020,,ha
1927,swb_waterbodies_ZoI,Surface Water Bodies,triply_cropped_area_2021,triply_cropped_area_2021,,tripple cropped area of ZoI for 2021,,ha
1928,swb_waterbodies_ZoI,Surface Water Bodies,triply_cropped_area_2022,triply_cropped_area_2022,,tripple cropped area of ZoI for 2022,,ha
1929,swb_waterbodies_ZoI,Surface Water Bodies,triply_cropped_area_2023,triply_cropped_area_2023,,tripple cropped area of ZoI for 2023,,ha
1930,swb_waterbodies_ZoI,Surface Water Bodies,triply_cropped_area_2024,triply_cropped_area_2024,,tripple cropped area of ZoI for 2024,,ha
1931,swb_waterbodies_ZoI,Surface Water Bodies,sum,sum,,,,NA
1932,swb_waterbodies_ZoI,Surface Water Bodies,total_cropable_area_ever_hydroyear_2017_2024,total_cropable_area_ever_hydroyear_2017_2024,,total area identified suitable for cropping at least once during the specified period (hydroyears 2017 to 2024),,ha
1933,drought_causality,Drought Causality,uid,uid,,unique microwatershed id ,,
1934,drought_causality,Drought Causality,area_in_ha,area_in_ha,,area of the microwatershed in hectares,,
1935,drought_causality,Drought Causality,se_mo_2017,se_mo_2017,,"severe/moderate drought causes for 2017. Keys are trigger–impact combination paths (e.g., moderate_drought_path3) with their scores. { } means no severe or moderate drought weeks, so not a drought year",,
1936,drought_causality,Drought Causality,mild_2017,mild_2017,,"mild drought drivers for 2017: the 3 indicators(mild_drought_spi_score,mild_drought_cropping_area_sown_score,mild_drought_mai_score) with their scores",,
1937,drought_causality,Drought Causality,se_mo_2018,se_mo_2018,,"severe/moderate drought causes for 2018. Keys are trigger–impact combination paths (e.g., moderate_drought_path3) with their scores. { } means no severe or moderate drought weeks, so not a drought year",,
1938,drought_causality,Drought Causality,mild_2018,mild_2018,,"mild drought drivers for 2018: the 3 indicators(mild_drought_spi_score,mild_drought_cropping_area_sown_score,mild_drought_mai_score) with their scores",,
1939,drought_causality,Drought Causality,se_mo_2019,se_mo_2019,,"severe/moderate drought causes for 2019. Keys are trigger–impact combination paths (e.g., moderate_drought_path3) with their scores. { } means no severe or moderate drought weeks, so not a drought year",,
1940,drought_causality,Drought Causality,mild_2019,mild_2019,,"mild drought drivers for 2019: the 3 indicators(mild_drought_spi_score,mild_drought_cropping_area_sown_score,mild_drought_mai_score) with their scores",,
1941,drought_causality,Drought Causality,se_mo_2020,se_mo_2020,,"severe/moderate drought causes for 2020. Keys are trigger–impact combination paths (e.g., moderate_drought_path3) with their scores. { } means no severe or moderate drought weeks, so not a drought year",,
1942,drought_causality,Drought Causality,mild_2020,mild_2020,,"mild drought drivers for 2020: the 3 indicators(mild_drought_spi_score,mild_drought_cropping_area_sown_score,mild_drought_mai_score) with their scores",,
1943,drought_causality,Drought Causality,se_mo_2021,se_mo_2021,,"severe/moderate drought causes for 2021. Keys are trigger–impact combination paths (e.g., moderate_drought_path3) with their scores. { } means no severe or moderate drought weeks, so not a drought year",,
1944,drought_causality,Drought Causality,mild_2021,mild_2021,,"mild drought drivers for 2021: the 3 indicators(mild_drought_spi_score,mild_drought_cropping_area_sown_score,mild_drought_mai_score) with their scores",,
1945,drought_causality,Drought Causality,se_mo_2022,se_mo_2022,,"severe/moderate drought causes for 2022. Keys are trigger–impact combination paths (e.g., moderate_drought_path3) with their scores. { } means no severe or moderate drought weeks, so not a drought year",,
1946,drought_causality,Drought Causality,mild_2022,mild_2022,,"mild drought drivers for 2022: the 3 indicators (mild_drought_spi_score, mild_drought_cropping_area_sown_score, mild_drought_mai_score) with their scores",,
1947,drought_causality,Drought Causality,se_mo_2023,se_mo_2023,,"severe/moderate drought causes for 2023. Keys are trigger–impact combination paths (e.g., moderate_drought_path3) with their scores. { } means no severe or moderate drought weeks, so not a drought year",,
1948,drought_causality,Drought Causality,mild_2023,mild_2023,,"mild drought drivers for 2023: the 3 indicators(mild_drought_spi_score,mild_drought_cropping_area_sown_score,mild_drought_mai_score) with their scores",,
1949,drought_causality,Drought Causality,se_mo_2024,se_mo_2024,,"severe/moderate drought causes for 2024. Keys are trigger–impact combination paths (e.g., moderate_drought_path3) with their scores. { } means no severe or moderate drought weeks, so not a drought year",,
1950,drought_causality,Drought Causality,mild_2024,mild_2024,,"mild drought drivers for 2024: the 3 indicators(mild_drought_spi_score,mild_drought_cropping_area_sown_score,mild_drought_mai_score) with their scores",,
1951,soil_type,Soil Type,uid,uid,,unique identifier of micro watershed,,NA
1952,soil_type,Soil Type,area_in_ha,area_in_ha,,total area of the micro watershed in hectares (ha),,ha
1953,soil_type,Soil Type,bacode,bacode,,basin code identifying the river basin to which the feature belongs,,NA
1954,soil_type,Soil Type,sbcode,sbcode,,sub-basin code identifying the sub-basin unit within the larger river basin.,,NA
1955,soil_type,Soil Type,wsconc,wsconc,,watershed concatenation code representing the hierarchical reference identifier for the micro watershed.,,NA
1956,soil_type,Soil Type,STATE,STATE,,state in which the micro watershed is located,,NA
1957,soil_type,Soil Type,District,District,,district in which the micro watershed is located,,NA
1958,soil_type,Soil Type,TEHSIL,TEHSIL,,tehsil/block in which the micro watershed is located,,NA
1959,soil_type,Soil Type,available_water_capacity,available_water_capacity,,"It represents the amount of water that a soil can store and make available for plant uptake, expressed as millimeters of water per meter of soil depth (mm/m).",,mm/m
1960,soil_type,Soil Type,soil_drainage_classes,soil_drainage_classes,,"Soil drainage classes describe the natural rate of water removal from soil and the depth and persistence of internal free water. The classes are: Excessively drained, Somewhat excessively drained, Well drained, Moderately well drained, Somewhat poorly drained, Poorly drained, Very poorly drained.",,m
1961,soil_type,Soil Type,subsoil_bulk_density,subsoil_bulk_density,,"The mass of oven-dry soil per unit bulk volume, including pore space at 30-100 cm depth of soil layer and is expressed in kg/dm^3",,kg/dm3
1962,soil_type,Soil Type,subsoil_exchange_capacity,subsoil_exchange_capacity,,"It is the total amount of exchangeable cations that a soil can retain, expressed in cmol/kg, and reflects the soil’s nutrient-fixing capacity",,cmol/kg
1963,soil_type,Soil Type,subsoil_organic_carbon,subsoil_organic_carbon,,"It represents the carbon component of organic matter derived from plant residues, roots, and microbial biomass",,unknown
1964,soil_type,Soil Type,subsoil_ph,subsoil_ph,,Subsoil pH refers to soil at a depth of 30-100 cm,,pH
1965,soil_type,Soil Type,subsoil_texture,subsoil_texture,,Subsoil texture refers to the texture of the soil layer at 30-100 cm depth.,,m
1966,soil_type,Soil Type,topsoil_bulk_density,topsoil_bulk_density,,"The mass of oven-dry soil per unit bulk volume, including pore space in the top 30 cm soil layer and is expressed in kg/dm^3",,kg/dm3
1967,soil_type,Soil Type,topsoil_exchange_capacity,topsoil_exchange_capacity,,"It is the total amount of exchangeable cations that a soil can retain, expressed in cmol/kg, and reflects the soil’s nutrient-fixing capacity",,cmol/kg
1968,soil_type,Soil Type,topsoil_organic_carbon,topsoil_organic_carbon,,"It represents the carbon component of organic matter derived from plant residues, roots, and microbial biomass",,unknown
1969,soil_type,Soil Type,topsoil_ph,topsoil_ph,,Topsoil pH refers to the top 30 cm soil layer,,pH
1970,soil_type,Soil Type,topsoil_texture,topsoil_texture,,"Topsoil texture describes the relative proportions of sand, silt, and clay in the surface soil layer (0–30 cm).",,percent
1971,soil_health_vector,Soil Health Vector,uid,uid,,unique identifier of micro watershed,,NA
1972,soil_health_vector,Soil Health Vector,area_in_ha,area_in_ha,,total area of the micro watershed in hectares (ha),,ha
1973,soil_health_vector,Soil Health Vector,bacode,bacode,,basin code identifying the river basin to which the feature belongs,,NA
1974,soil_health_vector,Soil Health Vector,sbcode,sbcode,,sub-basin code identifying the sub-basin unit within the larger river basin.,,NA
1975,soil_health_vector,Soil Health Vector,wsconc,wsconc,,watershed concatenation code representing the hierarchical reference identifier for the micro watershed.,,NA
1976,soil_health_vector,Soil Health Vector,STATE,STATE,,state in which the micro watershed is located,,NA
1977,soil_health_vector,Soil Health Vector,District,District,,district in which the micro watershed is located,,NA
1978,soil_health_vector,Soil Health Vector,TEHSIL,TEHSIL,,tehsil/block in which the micro watershed is located,,NA
1979,soil_health_vector,Soil Health Vector,N_count,N_count,,,,count
1980,soil_health_vector,Soil Health Vector,N_mean,N_mean,,Mean soil nitrogen value for the MWS,,mg/kg
1981,soil_health_vector,Soil Health Vector,N_p05,N_p05,,5th percentile of the Nitrogen value within the MWS,,mg/kg
1982,soil_health_vector,Soil Health Vector,N_p10,N_p10,,10th percentile of the Nitrogen value within the MWS,,mg/kg
1983,soil_health_vector,Soil Health Vector,N_p20,N_p20,,20th percentile of the Nitrogen value within the MWS,,mg/kg
1984,soil_health_vector,Soil Health Vector,N_p30,N_p30,,30th percentile of the Nitrogen value within the MWS,,mg/kg
1985,soil_health_vector,Soil Health Vector,N_p40,N_p40,,40th percentile of the Nitrogen value within the MWS,,mg/kg
1986,soil_health_vector,Soil Health Vector,N_p50,N_p50,,50th percentile of the Nitrogen or median nitrogen value within the MWS,,mg/kg
1987,soil_health_vector,Soil Health Vector,N_p60,N_p60,,60th percentile of the Nitrogen value within the MWS,,mg/kg
1988,soil_health_vector,Soil Health Vector,N_p70,N_p70,,70th percentile of the Nitrogen value within the MWS,,mg/kg
1989,soil_health_vector,Soil Health Vector,N_p80,N_p80,,80th percentile of the Nitrogen value within the MWS,,mg/kg
1990,soil_health_vector,Soil Health Vector,N_p90,N_p90,,90th percentile of the Nitrogen value within the MWS,,mg/kg
1991,soil_health_vector,Soil Health Vector,N_p95,N_p95,,95th percentile of the Nitrogen value within the MWS,,mg/kg
1992,soil_health_vector,Soil Health Vector,K_count,K_count,,,,count
1993,soil_health_vector,Soil Health Vector,K_mean,K_mean,,Mean soil potassium value for the MWS,,kg/ha
1994,soil_health_vector,Soil Health Vector,K_p05,K_p05,,5th percentile of the Potassium value within the MWS,,kg/ha
1995,soil_health_vector,Soil Health Vector,K_p10,K_p10,,10th percentile of the Potassium value within the MWS,,kg/ha
1996,soil_health_vector,Soil Health Vector,K_p20,K_p20,,20th percentile of the Potassium value within the MWS,,kg/ha
1997,soil_health_vector,Soil Health Vector,K_p30,K_p30,,30th percentile of the Potassium value within the MWS,,kg/ha
1998,soil_health_vector,Soil Health Vector,K_p40,K_p40,,40th percentile of the Potassium value within the MWS,,kg/ha
1999,soil_health_vector,Soil Health Vector,K_p50,K_p50,,50th percentile or median Potassium value within the MWS,,kg/ha
2000,soil_health_vector,Soil Health Vector,K_p60,K_p60,,60th percentile of the Potassium value within the MWS,,kg/ha
2001,soil_health_vector,Soil Health Vector,K_p70,K_p70,,70th percentile of the Potassium value within the MWS,,kg/ha
2002,soil_health_vector,Soil Health Vector,K_p80,K_p80,,80th percentile of the Potassium value within the MWS,,kg/ha
2003,soil_health_vector,Soil Health Vector,K_p90,K_p90,,90th percentile of the Potassium value within the MWS,,kg/ha
2004,soil_health_vector,Soil Health Vector,K_p95,K_p95,,95th percentile of the Potassium value within the MWS,,kg/ha
2005,soil_health_vector,Soil Health Vector,P_count,P_count,,,,count
2006,soil_health_vector,Soil Health Vector,P_mean,P_mean,,Mean soil phosphorus value for the MWS,,kg/ha
2007,soil_health_vector,Soil Health Vector,P_p05,P_p05,,5th percentile of the Phosphorus value within the MWS,,kg/ha
2008,soil_health_vector,Soil Health Vector,P_p10,P_p10,,10th percentile of the Phosphorus value within the MWS,,kg/ha
2009,soil_health_vector,Soil Health Vector,P_p20,P_p20,,20th percentile of the Phosphorus value within the MWS,,kg/ha
2010,soil_health_vector,Soil Health Vector,P_p30,P_p30,,30th percentile of the Phosphorus value within the MWS,,kg/ha
2011,soil_health_vector,Soil Health Vector,P_p40,P_p40,,40th percentile of the Phosphorus value within the MWS,,kg/ha
2012,soil_health_vector,Soil Health Vector,P_p50,P_p50,,50th percentile or median Phosphorus value within the MWS,,kg/ha
2013,soil_health_vector,Soil Health Vector,P_p60,P_p60,,60th percentile of the Phosphorus value within the MWS,,kg/ha
2014,soil_health_vector,Soil Health Vector,P_p70,P_p70,,70th percentile of the Phosphorus value within the MWS,,kg/ha
2015,soil_health_vector,Soil Health Vector,P_p80,P_p80,,80th percentile of the Phosphorus value within the MWS,,kg/ha
2016,soil_health_vector,Soil Health Vector,P_p90,P_p90,,90th percentile of the Phosphorus value within the MWS,,kg/ha
2017,soil_health_vector,Soil Health Vector,P_p95,P_p95,,95th percentile of the Phosphorus value within the MWS,,kg/ha
2018,soil_health_vector,Soil Health Vector,OC_count,OC_count,,,,count
2019,soil_health_vector,Soil Health Vector,OC_mean,OC_mean,,Mean organic carbon value for the MWS,,percent
2020,soil_health_vector,Soil Health Vector,OC_p05,OC_p05,,5th percentile of the Organic carbon value within the MWS,,percent
2021,soil_health_vector,Soil Health Vector,OC_p10,OC_p10,,10th percentile of the Organic carbon value within the MWS,,percent
2022,soil_health_vector,Soil Health Vector,OC_p20,OC_p20,,20th percentile of the Organic carbon value within the MWS,,percent
2023,soil_health_vector,Soil Health Vector,OC_p30,OC_p30,,30th percentile of the Organic carbon value within the MWS,,percent
2024,soil_health_vector,Soil Health Vector,OC_p40,OC_p40,,40th percentile of the Organic carbon value within the MWS,,percent
2025,soil_health_vector,Soil Health Vector,OC_p50,OC_p50,,50th percentile or median Organic carbon value within the MWS,,percent
2026,soil_health_vector,Soil Health Vector,OC_p60,OC_p60,,60th percentile of the Organic carbon value within the MWS,,percent
2027,soil_health_vector,Soil Health Vector,OC_p70,OC_p70,,70th percentile of the Organic carbon value within the MWS,,percent
2028,soil_health_vector,Soil Health Vector,OC_p80,OC_p80,,80th percentile of the Organic carbon value within the MWS,,percent
2029,soil_health_vector,Soil Health Vector,OC_p90,OC_p90,,90th percentile of the Organic carbon value within the MWS,,percent
2030,soil_health_vector,Soil Health Vector,OC_p95,OC_p95,,95th percentile of the Organic carbon value within the MWS,,percent
2031,soil_health_vector,Soil Health Vector,OC_OLM_count,OC_OLM_count,,,,count
2032,soil_health_vector,Soil Health Vector,OC_OLM_mean,OC_OLM_mean,,Mean organic carbon (OpenLandMap) value for the MWS,,percent
2033,soil_health_vector,Soil Health Vector,OC_OLM_p05,OC_OLM_p05,,5th percentile of the Organic carbon (OpenLandMap) value within the MWS,,percent
2034,soil_health_vector,Soil Health Vector,OC_OLM_p10,OC_OLM_p10,,10th percentile of the Organic carbon (OpenLandMap) value within the MWS,,percent
2035,soil_health_vector,Soil Health Vector,OC_OLM_p20,OC_OLM_p20,,20th percentile of the Organic carbon (OpenLandMap) value within the MWS,,percent
2036,soil_health_vector,Soil Health Vector,OC_OLM_p30,OC_OLM_p30,,30th percentile of the Organic carbon (OpenLandMap) value within the MWS,,percent
2037,soil_health_vector,Soil Health Vector,OC_OLM_p40,OC_OLM_p40,,40th percentile of the Organic carbon (OpenLandMap) value within the MWS,,percent
2038,soil_health_vector,Soil Health Vector,OC_OLM_p50,OC_OLM_p50,,50th percentile or median Organic carbon (OpenLandMap) value within the MWS,,percent
2039,soil_health_vector,Soil Health Vector,OC_OLM_p60,OC_OLM_p60,,60th percentile of the Organic carbon (OpenLandMap) value within the MWS,,percent
2040,soil_health_vector,Soil Health Vector,OC_OLM_p70,OC_OLM_p70,,70th percentile of the Organic carbon (OpenLandMap) value within the MWS,,percent
2041,soil_health_vector,Soil Health Vector,OC_OLM_p80,OC_OLM_p80,,80th percentile of the Organic carbon (OpenLandMap) value within the MWS,,percent
2042,soil_health_vector,Soil Health Vector,OC_OLM_p90,OC_OLM_p90,,90th percentile of the Organic carbon (OpenLandMap) value within the MWS,,percent
2043,soil_health_vector,Soil Health Vector,OC_OLM_p95,OC_OLM_p95,,95th percentile of the Organic carbon (OpenLandMap) value within the MWS,,percent
2044,soil_health_vector,Soil Health Vector,crop_cover_area,crop_cover_area,,Total crop area in hectares in the MWS,,ha
2045,soil_health_vector,Soil Health Vector,tree_shrub_area,tree_shrub_area,,Total tree and shrub area in hectares in the MWS,,ha
2046,forest_fringe,Forest Fringe,id,id,,identifier,,NA
2047,forest_fringe,Forest Fringe,forest_fringe_area_in_ha,forest_fringe_area_in_ha,,"area of the forest fringe zone, the transitional edge area around forest/tree cover within the micro watershed.",,ha
2048,forest_fringe,Forest Fringe,mws_area_in_ha,mws_area_in_ha,,total area of the micro watershed in hectares (ha),,ha
2049,forest_fringe,Forest Fringe,tree_deforestation_fringe_area_in_ha,tree_deforestation_fringe_area_in_ha,,area of tree deforestation occurring within the forest fringe zone,,ha
2050,forest_fringe,Forest Fringe,tree_deforestation_mws_area_in_ha,tree_deforestation_mws_area_in_ha,,area of tree deforestation occurring across the entire micro watershed,,ha
2051,forest_fringe,Forest Fringe,tree_degradation_fringe_area_in_ha,tree_degradation_fringe_area_in_ha,,area of tree degradation occurring within the forest fringe zone,,ha
2052,forest_fringe,Forest Fringe,tree_degradation_mws_area_in_ha,tree_degradation_mws_area_in_ha,,area of tree degradation occurring across the entire micro watershed,,ha
2053,forest_fringe,Forest Fringe,uid,uid,,unique identifier for the micro watershed,,NA
2054,tree_in_grassland,Tree in Grassland,id,id,,identifier,,NA
2055,tree_in_grassland,Tree in Grassland,uid,uid,,unique identifier,,NA
2056,tree_in_grassland,Tree in Grassland,area_in_ha,area_in_ha,,area in hectares,,NA
2057,tree_in_grassland,Tree in Grassland,isolated_shrub_area_in_ha,isolated_shrub_area_in_ha,,area classified as isolated/scattered shrub cover,,ha
2058,tree_in_grassland,Tree in Grassland,shrubland_area_in_ha,shrubland_area_in_ha,,area classified as contiguous shrubland,,ha
2059,tree_in_grassland,Tree in Grassland,shrubs_trees_area_in_ha,shrubs_trees_area_in_ha,,area classified as mixed shrub-tree cover,,ha
2060,tree_in_grassland,Tree in Grassland,tree_in_shrubs_trees_area_in_ha,tree_in_shrubs_trees_area_in_ha,,area of tree cover found within the mixed shrub-tree class,,ha
2061,tree_in_grassland,Tree in Grassland,tree_in_tree_in_shrub_to_barren_area_in_ha,tree_in_tree_in_shrub_to_barren_area_in_ha,,area of tree-in-shrub-tree cover that has transitioned to barren land,,ha
2062,tree_in_grassland,Tree in Grassland,tree_in_tree_in_shrub_to_built_area_in_ha,tree_in_tree_in_shrub_to_built_area_in_ha,,area of tree-in-shrub-tree cover that has transitioned to built-up land,,ha
2063,tree_in_grassland,Tree in Grassland,tree_in_tree_in_shrub_to_crops_area_in_ha,tree_in_tree_in_shrub_to_crops_area_in_ha,,area of tree-in-shrub-tree cover that has transitioned to cropland,,ha
2064,tree_in_grassland,Tree in Grassland,tree_in_tree_in_shrub_to_kharif_rabi_water_area_in_ha,tree_in_tree_in_shrub_to_kharif_rabi_water_area_in_ha,,area of tree-in-shrub-tree cover that has transitioned to land cropped during both Kharif and Rabi seasons.,,ha
2065,tree_in_grassland,Tree in Grassland,tree_in_tree_in_shrub_to_kharif_rabi_zaid_water_area_in_ha,tree_in_tree_in_shrub_to_kharif_rabi_zaid_water_area_in_ha,,"area of tree-in-shrub-tree cover that has transitioned to land cropped across Kharif, Rabi, and Zaid seasons",,ha
2066,tree_in_grassland,Tree in Grassland,tree_in_tree_in_shrub_to_kharif_water_area_in_ha,tree_in_tree_in_shrub_to_kharif_water_area_in_ha,,area of tree-in-shrub-tree cover that has transitioned to land cropped only during the Kharif season,,ha
2067,tree_in_grassland,Tree in Grassland,tree_loss_in_tree_in_shrub_area_in_ha,tree_loss_in_tree_in_shrub_area_in_ha,,area where tree cover has been lost within the tree-in-shrub-tree zone,,ha
2068,tree_in_grassland,Tree in Grassland,uid,uid,,unique identifier for the micro watershed,,NA
2069,forest_fire,Forest Fire,fire_count_per_year,fire_count_per_year,,Annualized total FRP,,count/year
2070,forest_fire,Forest Fire,fire_frp_max,fire_frp_max,,Peak fire intensity,,MW
2071,forest_fire,Forest Fire,fire_frp_mean,fire_frp_mean,,Mean fire intensity,,MW
2072,forest_fire,Forest Fire,fire_frp_sum_per_year,fire_frp_sum_per_year,,Annualized fire occurrence,,MW/year
2073,forest_fire,Forest Fire,uid,uid,,unique identifier for the micro watershed,,NA
2074,Solar Power Tracker,Solar Power Tracker,Date Last Researched,Date Last Researched,,Date that this project was last researched by the researcher,,yyyy/mm/dd
2075,Solar Power Tracker,Solar Power Tracker,Country/Area,Country/Area,,Country or area the project is located in (Unabbreviated),,n/a
2076,Solar Power Tracker,Solar Power Tracker,Project Name,Project Name,,Commonly used name,,n/a
2077,Solar Power Tracker,Solar Power Tracker,Phase Name,Phase Name,,Common name of the project phase,,n/a
2078,Solar Power Tracker,Solar Power Tracker,Project Name in Local Language / Script,Project Name in Local Language / Script,,Commonly used name in the locally used script,,n/a
2079,Solar Power Tracker,Solar Power Tracker,Other Name(s),Other Name(s),,"Alternative names, including the name in local script",,n/a
2080,Solar Power Tracker,Solar Power Tracker,Capacity (MW),Capacity (MW),,"Nameplate capacity, or best available data, of the phase in megawatts rounded to its nearest tenth.",,Megawatt (MW)
2081,Solar Power Tracker,Solar Power Tracker,Capacity Rating,Capacity Rating,,"The reported capacity rating, unknown selected if not provided",,"MWac, MWp/dc, unknown"
2082,Solar Power Tracker,Solar Power Tracker,Technology Type,Technology Type,,If the solar installation uses PV (Photovoltaic) technology to create a current or uses heat from the sun to run a turbine,,"PV, Solar Thermal, Assumed PV"
2083,Solar Power Tracker,Solar Power Tracker,Status,Status,,"Status of the project (operating, construction, pre-construction, announced, shelved, mothballed, retired, cancelled)",,see above
2084,Solar Power Tracker,Solar Power Tracker,Start year,Start year,,Year the project is or is expected to be commissioned,,yyyy
2085,Solar Power Tracker,Solar Power Tracker,Year,Year,,Capacity value is accurate as of the end of this year,,yyyy
2086,Solar Power Tracker,Solar Power Tracker,Retired year,Retired year,,Year the plant is or is expected to be taken offline,,yyyy
2087,Solar Power Tracker,Solar Power Tracker,Operator,Operator,,The company that operates the project,,n/a
2088,Solar Power Tracker,Solar Power Tracker,Operator Name in Local Language / Script,Operator Name in Local Language / Script,,Company name that operates the project in the locally used script,,n/a
2089,Solar Power Tracker,Solar Power Tracker,Owner,Owner,,The company that directly owns the plant,,n/a
2090,Solar Power Tracker,Solar Power Tracker,Owner Name in Local Language / Script,Owner Name in Local Language / Script,,Company name that directly owns the project in the locally used script,,n/a
2091,Solar Power Tracker,Solar Power Tracker,Hydrogen,Hydrogen,,True if a project phase is dedicated for green hydrogen production,,"True, blank"
2092,Solar Power Tracker,Solar Power Tracker,Associated Storage,Associated Storage,,True if a project phase has existing or planned co-located storage,,"True, blank"
2093,Solar Power Tracker,Solar Power Tracker,Latitude,Latitude,,"Latitude, assumed WGS84 (google maps), of the project phase",,decimal degrees
2094,Solar Power Tracker,Solar Power Tracker,Longitude,Longitude,,"Longitude, assumed WGS84 (google maps), of the project phase",,decimal degrees
2095,Solar Power Tracker,Solar Power Tracker,Location accuracy,Location accuracy,,"Location is Approximate based on using nearest city or other information in data sources, or Location is Exact when explicitly provided in data source",,"approximate, exact"
2096,Solar Power Tracker,Solar Power Tracker,City,City,,"City, town, village, or township where project is located",,n/a
2097,Solar Power Tracker,Solar Power Tracker,"Local area (taluk, county)","Local area (taluk, county)",,"County, taluk, or district where project is located",,n/a
2098,Solar Power Tracker,Solar Power Tracker,"Major area (prefecture, district)","Major area (prefecture, district)",,"Prefecture, district, or municipality where project is located",,n/a
2099,Solar Power Tracker,Solar Power Tracker,State/Province,State/Province,,Subnational unit where project is located,,n/a
2100,Solar Power Tracker,Solar Power Tracker,Subregion,Subregion,,Subregion location based on United Nations definition,,n/a
2101,Solar Power Tracker,Solar Power Tracker,Region,Region,,Region location based on United Nations definition,,n/a
2102,Solar Power Tracker,Solar Power Tracker,Other IDs (location),Other IDs (location),,Location identifier from external datasets,,n/a
2103,Solar Power Tracker,Solar Power Tracker,Other IDs (unit/phase),Other IDs (unit/phase),,Unit or Phase identifier from external datasets,,n/a
2104,Solar Power Tracker,Solar Power Tracker,GEM location ID,GEM location ID,,GEM generated ID unique for each project,,L1+11 digits
2105,Solar Power Tracker,Solar Power Tracker,GEM phase ID,GEM phase ID,,GEM generated ID unique for each phase,,G1+11 digits
2106,Solar Power Tracker,Solar Power Tracker,Wiki URL,Wiki URL,,"URL of existing, footnoted factsheet GEM.wiki page",,n/a
2107,Wind Power Tracker,Wind Power Tracker,Date Last Researched,Date Last Researched,,Date that this project was last researched by the researcher,,yyyy/mm/dd
2108,Wind Power Tracker,Wind Power Tracker,Country/Area,Country/Area,,Country/Area the project is located in (Unabbreviated),,n/a
2109,Wind Power Tracker,Wind Power Tracker,Project Name,Project Name,,Commonly used name,,n/a
2110,Wind Power Tracker,Wind Power Tracker,Phase Name,Phase Name,,Common name of the project phase,,n/a
2111,Wind Power Tracker,Wind Power Tracker,Project Name in Local Language / Script,Project Name in Local Language / Script,,Commonly used name in the locally used script,,n/a
2112,Wind Power Tracker,Wind Power Tracker,Other Name(s),Other Name(s),,"Alternative names, including the name in local script",,n/a
2113,Wind Power Tracker,Wind Power Tracker,Capacity (MW),Capacity (MW),,"Nameplate capacity, or best available data, of the phase in megawatts",,MW
2114,Wind Power Tracker,Wind Power Tracker,Installation Type,Installation Type,,How the wind turbines are installed,,"onshore, offshore hard mount, offshore floating, offshore mount unknown"
2115,Wind Power Tracker,Wind Power Tracker,Status,Status,,"Status of the project (operating, construction, pre-construction, announced, shelved, mothballed, retired, cancelled)",,n/a
2116,Wind Power Tracker,Wind Power Tracker,Start year,Start year,,Year the project is or is expected to be commissioned,,yyyy
2117,Wind Power Tracker,Wind Power Tracker,Retired year,Retired year,,Year the plant is taken offline,,yyyy
2118,Wind Power Tracker,Wind Power Tracker,Operator,Operator,,The company that operates the project,,n/a
2119,Wind Power Tracker,Wind Power Tracker,Operator Name in Local Language / Script,Operator Name in Local Language / Script,,Company name that operates the project in the locally used script,,n/a
2120,Wind Power Tracker,Wind Power Tracker,Owner,Owner,,The company that directly owns the plant,,n/a
2121,Wind Power Tracker,Wind Power Tracker,Owner Name in Local Language / Script,Owner Name in Local Language / Script,,Company name that directly owns the project in the locally used script,,n/a
2122,Wind Power Tracker,Wind Power Tracker,Hydrogen,Hydrogen,,True if a project phase is dedicated for green hydrogen production,,"True, blank"
2123,Wind Power Tracker,Wind Power Tracker,Associated Storage,Associated Storage,,True if storage is associated with a project phase,,"True, blank"
2124,Wind Power Tracker,Wind Power Tracker,Latitude,Latitude,,"Latitude, assumed WGS84 (google maps), of the project phase",,decimal degrees
2125,Wind Power Tracker,Wind Power Tracker,Longitude,Longitude,,"Longitude, assumed WGS84 (google maps), of the project phase",,decimal degrees
2126,Wind Power Tracker,Wind Power Tracker,Location accuracy,Location accuracy,,"Location is Approximate based on using nearest city or other information in data sources, or Location is Exact when explicitly provided in data source",,"approximate, exact"
2127,Wind Power Tracker,Wind Power Tracker,City,City,,"City, town, village, or township where project is located",,n/a
2128,Wind Power Tracker,Wind Power Tracker,Local Area,Local Area,,"County, taluk, or district where project is located",,n/a
2129,Wind Power Tracker,Wind Power Tracker,Major Area,Major Area,,"Prefecture, district, or municipality where project is located",,n/a
2130,Wind Power Tracker,Wind Power Tracker,State/Province,State/Province,,Subnational unit where project is located,,n/a
2131,Wind Power Tracker,Wind Power Tracker,Subregion,Subregion,,Subregion location based on United Nations definition,,n/a
2132,Wind Power Tracker,Wind Power Tracker,Region,Region,,Region location based on United Nations definition,,n/a
2133,Wind Power Tracker,Wind Power Tracker,Other IDs (location),Other IDs (location),,Location identifier from external dataset,,n/a
2134,Wind Power Tracker,Wind Power Tracker,Other IDs (unit/phase),Other IDs (unit/phase),,Unit or Phase identifier from external dataset,,n/a
2135,Wind Power Tracker,Wind Power Tracker,GEM Location ID,GEM Location ID,,GEM generated ID unique for each project,,L1+11 digits
2136,Wind Power Tracker,Wind Power Tracker,GEM Phase ID,GEM Phase ID,,GEM generated ID unique for each phase,,G1+11 digits
2137,Wind Power Tracker,Wind Power Tracker,Wiki URL,Wiki URL,,URL of existing or planned GEM.wiki page,,n/a
2138,ccd_vector_2017_2023,Ccd Vector,uid,uid,,unique identifier of micro watershed,,
2139,ccd_vector_2017_2023,Ccd Vector,area_in_ha,area_in_ha,,total area of the micro watershed in hectares (ha),,
2140,ccd_vector_2017_2023,Ccd Vector,bacode,bacode,,basin code identifying the river basin to which the feature belongs,,
2141,ccd_vector_2017_2023,Ccd Vector,sbcode,sbcode,,sub-basin code identifying the sub-basin unit within the larger river basin.,,
2142,ccd_vector_2017_2023,Ccd Vector,wsconc,wsconc,,watershed concatenation code representing the hierarchical reference identifier for the micro watershed.,,
2143,ccd_vector_2017_2023,Ccd Vector,STATE,STATE,,state in which the micro watershed is located,,
2144,ccd_vector_2017_2023,Ccd Vector,District,District,,district in which the micro watershed is located,,
2145,ccd_vector_2017_2023,Ccd Vector,TEHSIL,TEHSIL,,tehsil/block in which the micro watershed is located,,
2146,ccd_vector_2017_2023,Ccd Vector,Low_Density_2017,Low_Density_2017,,low canopy cover density for 2017,,
2147,ccd_vector_2017_2023,Ccd Vector,High_Density_2017,High_Density_2017,,high canopy cover density for 2017,,
2148,ccd_vector_2017_2023,Ccd Vector,Missing_Data_2017,Missing_Data_2017,,missing data area in hectares for 2017,,
2149,ccd_vector_2017_2023,Ccd Vector,Low_Density_2018,Low_Density_2018,,low canopy cover density for 2018,,
2150,ccd_vector_2017_2023,Ccd Vector,High_Density_2018,High_Density_2018,,high canopy cover density for 2018,,
2151,ccd_vector_2017_2023,Ccd Vector,Missing_Data_2018,Missing_Data_2018,,missing data area in hectares for 2018,,
2152,ccd_vector_2017_2023,Ccd Vector,Low_Density_2019,Low_Density_2019,,low canopy cover density for 2019,,
2153,ccd_vector_2017_2023,Ccd Vector,High_Density_2019,High_Density_2019,,high canopy cover density for 2019,,
2154,ccd_vector_2017_2023,Ccd Vector,Missing_Data_2019,Missing_Data_2019,,missing data area in hectares for 2019,,
2155,ccd_vector_2017_2023,Ccd Vector,Low_Density_2020,Low_Density_2020,,low canopy cover density for 2020,,
2156,ccd_vector_2017_2023,Ccd Vector,High_Density_2020,High_Density_2020,,high canopy cover density for 2020,,
2157,ccd_vector_2017_2023,Ccd Vector,Missing_Data_2020,Missing_Data_2020,,missing data area in hectares for 2020,,
2158,ccd_vector_2017_2023,Ccd Vector,Low_Density_2021,Low_Density_2021,,low canopy cover density for 2021,,
2159,ccd_vector_2017_2023,Ccd Vector,High_Density_2021,High_Density_2021,,high canopy cover density for 2021,,
2160,ccd_vector_2017_2023,Ccd Vector,Missing_Data_2021,Missing_Data_2021,,missing data area in hectares for 2021,,
2161,ccd_vector_2017_2023,Ccd Vector,Low_Density_2022,Low_Density_2022,,low canopy cover density for 2022,,
2162,ccd_vector_2017_2023,Ccd Vector,High_Density_2022,High_Density_2022,,high canopy cover density for 2022,,
2163,ccd_vector_2017_2023,Ccd Vector,Missing_Data_2022,Missing_Data_2022,,missing data area in hectares for 2022,,
2164,ccd_vector_2017_2023,Ccd Vector,Low_Density_2023,Low_Density_2023,,low canopy cover density for 2023,,
2165,ccd_vector_2017_2023,Ccd Vector,High_Density_2023,High_Density_2023,,high canopy cover density for 2023,,
2166,ccd_vector_2017_2023,Ccd Vector,Missing_Data_2023,Missing_Data_2023,,missing data area in hectares for 2023,,
2167,ch_vector_2017_2023,Canopy Height Vector,uid,uid,,unique identifier of micro watershed,,
2168,ch_vector_2017_2023,Canopy Height Vector,area_in_ha,area_in_ha,,total area of the micro watershed in hectares (ha),,
2169,ch_vector_2017_2023,Canopy Height Vector,bacode,bacode,,basin code identifying the river basin to which the feature belongs,,
2170,ch_vector_2017_2023,Canopy Height Vector,sbcode,sbcode,,sub-basin code identifying the sub-basin unit within the larger river basin.,,
2171,ch_vector_2017_2023,Canopy Height Vector,wsconc,wsconc,,watershed concatenation code representing the hierarchical reference identifier for the micro watershed.,,
2172,ch_vector_2017_2023,Canopy Height Vector,STATE,STATE,,state in which the micro watershed is located,,
2173,ch_vector_2017_2023,Canopy Height Vector,District,District,,district in which the micro watershed is located,,
2174,ch_vector_2017_2023,Canopy Height Vector,TEHSIL,TEHSIL,,tehsil/block in which the micro watershed is located,,
2175,ch_vector_2017_2023,Canopy Height Vector,Short_Trees_2017,Short_Trees_2017,,Area under short canopy height class in 2017,,
2176,ch_vector_2017_2023,Canopy Height Vector,Medium_Height_Trees_2017,Medium_Height_Trees_2017,,Area under medium canopy height class in 2017,,
2177,ch_vector_2017_2023,Canopy Height Vector,Tall_Trees_2017,Tall_Trees_2017,,Area under tall canopy height class in 2017,,
2178,ch_vector_2017_2023,Canopy Height Vector,Missing_Data_2017,Missing_Data_2017,,Missing Data,,
2179,ch_vector_2017_2023,Canopy Height Vector,Short_Trees_2018,Short_Trees_2018,,Area under short canopy height class in 2018,,
2180,ch_vector_2017_2023,Canopy Height Vector,Medium_Height_Trees_2018,Medium_Height_Trees_2018,,Area under medium canopy height class in 2018,,
2181,ch_vector_2017_2023,Canopy Height Vector,Tall_Trees_2018,Tall_Trees_2018,,Area under tall canopy height class in 2018,,
2182,ch_vector_2017_2023,Canopy Height Vector,Missing_Data_2018,Missing_Data_2018,,Missing Data,,
2183,ch_vector_2017_2023,Canopy Height Vector,Short_Trees_2019,Short_Trees_2019,,Area under short canopy height class in 2019,,
2184,ch_vector_2017_2023,Canopy Height Vector,Medium_Height_Trees_2019,Medium_Height_Trees_2019,,Area under medium canopy height class in 2019,,
2185,ch_vector_2017_2023,Canopy Height Vector,Tall_Trees_2019,Tall_Trees_2019,,Area under tall canopy height class in 2019,,
2186,ch_vector_2017_2023,Canopy Height Vector,Missing_Data_2019,Missing_Data_2019,,Missing Data,,
2187,ch_vector_2017_2023,Canopy Height Vector,Short_Trees_2020,Short_Trees_2020,,Area under short canopy height class in 2020,,
2188,ch_vector_2017_2023,Canopy Height Vector,Medium_Height_Trees_2020,Medium_Height_Trees_2020,,Area under medium canopy height class in 2020,,
2189,ch_vector_2017_2023,Canopy Height Vector,Tall_Trees_2020,Tall_Trees_2020,,Area under tall canopy height class in 2020,,
2190,ch_vector_2017_2023,Canopy Height Vector,Missing_Data_2020,Missing_Data_2020,,Missing Data,,
2191,ch_vector_2017_2023,Canopy Height Vector,Short_Trees_2021,Short_Trees_2021,,Area under short canopy height class in 2021,,
2192,ch_vector_2017_2023,Canopy Height Vector,Medium_Height_Trees_2021,Medium_Height_Trees_2021,,Area under medium canopy height class in 2021,,
2193,ch_vector_2017_2023,Canopy Height Vector,Tall_Trees_2021,Tall_Trees_2021,,Area under tall canopy height class in 2021,,
2194,ch_vector_2017_2023,Canopy Height Vector,Missing_Data_2021,Missing_Data_2021,,Missing Data,,
2195,ch_vector_2017_2023,Canopy Height Vector,Short_Trees_2022,Short_Trees_2022,,Area under short canopy height class in 2022,,
2196,ch_vector_2017_2023,Canopy Height Vector,Medium_Height_Trees_2022,Medium_Height_Trees_2022,,Area under medium canopy height class in 2022,,
2197,ch_vector_2017_2023,Canopy Height Vector,Tall_Trees_2022,Tall_Trees_2022,,Area under tall canopy height class in 2022,,
2198,ch_vector_2017_2023,Canopy Height Vector,Missing_Data_2022,Missing_Data_2022,,Missing Data,,
2199,ch_vector_2017_2023,Canopy Height Vector,Short_Trees_2023,Short_Trees_2023,,Area under short canopy height class in 2023,,
2200,ch_vector_2017_2023,Canopy Height Vector,Medium_Height_Trees_2023,Medium_Height_Trees_2023,,Area under medium canopy height class in 2023,,
2201,ch_vector_2017_2023,Canopy Height Vector,Tall_Trees_2023,Tall_Trees_2023,,Area under tall canopy height class in 2023,,
2202,ch_vector_2017_2023,Canopy Height Vector,Missing_Data_2023,Missing_Data_2023,,Missing Data,,
2203,overall_change_vector,Tree Overall Change Vector,id,id,,identifier,,
2204,overall_change_vector,Tree Overall Change Vector,uid,uid,,unique identifier of micro watershed,,
2205,overall_change_vector,Tree Overall Change Vector,area_in_ha,area_in_ha,,total area of the micro watershed in hectares (ha),,
2206,overall_change_vector,Tree Overall Change Vector,bacode,bacode,,basin code identifying the river basin to which the feature belongs,,
2207,overall_change_vector,Tree Overall Change Vector,sbcode,sbcode,,sub-basin code identifying the sub-basin unit within the larger river basin.,,
2208,overall_change_vector,Tree Overall Change Vector,wsconc,wsconc,,watershed concatenation code representing the hierarchical reference identifier for the micro watershed.,,
2209,overall_change_vector,Tree Overall Change Vector,Deforestation,Deforestation,,area of tree cover loss,,
2210,overall_change_vector,Tree Overall Change Vector,Degradation,Degradation,,area of tree degradation,,
2211,overall_change_vector,Tree Overall Change Vector,No_Change,No_Change,,area where tree cover remain stable,,
2212,overall_change_vector,Tree Overall Change Vector,Improvement,Improvement,,improvement in tree height or canopy density,,
2213,overall_change_vector,Tree Overall Change Vector,Afforestation,Afforestation,,tree cover gain ,,
2214,overall_change_vector,Tree Overall Change Vector,Partially_Degraded,Partially_Degraded,,partially degraded,,
2215,overall_change_vector,Tree Overall Change Vector,Missing Data,Missing Data,,missing data,,
2216,facilities_proximity,Facilities Proximity,FID,fid,,Identifier for this published map feature.,,
2217,facilities_proximity,Facilities Proximity,index,index,,Position of the village in the Core Stack standard boundary table.,,
2218,facilities_proximity,Facilities Proximity,state_id,state_id,,Census 2011 code identifying this state for joining village data.,,
2219,facilities_proximity,Facilities Proximity,district_id,district_id,,Census 2011 code identifying this district for joining village data.,,
2220,facilities_proximity,Facilities Proximity,tehsil_id,tehsil_id,,Census 2011 code identifying this sub-district for joining village data.,,
2221,facilities_proximity,Facilities Proximity,village_id,village_id,,Census 2011 code identifying this village for joining village data.,,
2222,facilities_proximity,Facilities Proximity,state_name,state_name,,Name of the state for this village.,,
2223,facilities_proximity,Facilities Proximity,district_name,district_name,,Name of the district for this village.,,
2224,facilities_proximity,Facilities Proximity,tehsil_name,tehsil_name,,Name of the tehsil for this village.,,
2225,facilities_proximity,Facilities Proximity,village_name,village_name,,Name of the village for this village.,,
2226,facilities_proximity,Facilities Proximity,facilities_status,facilities_status,,Shows whether distances were computed or why no village or facility match was available.,,
2227,facilities_proximity,Facilities Proximity,l2_essential_education_distance_km,l2_essential_education_distance_km,,"Great-circle distance from the village point to the farthest required service among Primary School, Upper Primary School and Secondary School; lower means the full bundle is nearer.",,
2228,facilities_proximity,Facilities Proximity,l2_essential_education_selected_l3,l2_essential_education_selected_l3,,Service type that determines the essential education distance for this village.,,
2229,facilities_proximity,Facilities Proximity,l2_essential_education_selected_l3_label,l2_essential_education_selected_l3_label,,Readable name of the service type that determines the essential education distance.,,
2230,facilities_proximity,Facilities Proximity,l2_essential_education_facility_uid,l2_essential_education_facility_uid,,Identifier of the facility that determines the essential education distance.,,
2231,facilities_proximity,Facilities Proximity,l3_school_primary_distance_km,l3_school_primary_distance_km,,Great-circle distance from the village point to the nearest primary school. Useful for comparing local service access; it is not travel distance.,,
2232,facilities_proximity,Facilities Proximity,l3_school_primary_facility_uid,l3_school_primary_facility_uid,,Identifier of the nearest primary school used for this village distance.,,
2233,facilities_proximity,Facilities Proximity,l3_school_primary_inside_scope,l3_school_primary_inside_scope,,Whether the nearest primary school lies within the requested area; a nearby service outside it can still be the closest.,,
2234,facilities_proximity,Facilities Proximity,l3_school_upper_primary_distance_km,l3_school_upper_primary_distance_km,,Great-circle distance from the village point to the nearest upper primary school. Useful for comparing local service access; it is not travel distance.,,
2235,facilities_proximity,Facilities Proximity,l3_school_upper_primary_facility_uid,l3_school_upper_primary_facility_uid,,Identifier of the nearest upper primary school used for this village distance.,,
2236,facilities_proximity,Facilities Proximity,l3_school_upper_primary_inside_scope,l3_school_upper_primary_inside_scope,,Whether the nearest upper primary school lies within the requested area; a nearby service outside it can still be the closest.,,
2237,facilities_proximity,Facilities Proximity,l3_school_secondary_distance_km,l3_school_secondary_distance_km,,Great-circle distance from the village point to the nearest secondary school. Useful for comparing local service access; it is not travel distance.,,
2238,facilities_proximity,Facilities Proximity,l3_school_secondary_facility_uid,l3_school_secondary_facility_uid,,Identifier of the nearest secondary school used for this village distance.,,
2239,facilities_proximity,Facilities Proximity,l3_school_secondary_inside_scope,l3_school_secondary_inside_scope,,Whether the nearest secondary school lies within the requested area; a nearby service outside it can still be the closest.,,
2240,facilities_proximity,Facilities Proximity,l2_higher_education_distance_km,l2_higher_education_distance_km,,"Great-circle distance from the village point to the nearest option among Higher Secondary School, College and University-Type Institution; lower means one option is nearer.",,
2241,facilities_proximity,Facilities Proximity,l2_higher_education_selected_l3,l2_higher_education_selected_l3,,Service type that determines the higher education distance for this village.,,
2242,facilities_proximity,Facilities Proximity,l2_higher_education_selected_l3_label,l2_higher_education_selected_l3_label,,Readable name of the service type that determines the higher education distance.,,
2243,facilities_proximity,Facilities Proximity,l2_higher_education_facility_uid,l2_higher_education_facility_uid,,Identifier of the facility that determines the higher education distance.,,
2244,facilities_proximity,Facilities Proximity,l3_school_higher_secondary_distance_km,l3_school_higher_secondary_distance_km,,Great-circle distance from the village point to the nearest higher secondary school. Useful for comparing local service access; it is not travel distance.,,
2245,facilities_proximity,Facilities Proximity,l3_school_higher_secondary_facility_uid,l3_school_higher_secondary_facility_uid,,Identifier of the nearest higher secondary school used for this village distance.,,
2246,facilities_proximity,Facilities Proximity,l3_school_higher_secondary_inside_scope,l3_school_higher_secondary_inside_scope,,Whether the nearest higher secondary school lies within the requested area; a nearby service outside it can still be the closest.,,
2247,facilities_proximity,Facilities Proximity,l3_college_distance_km,l3_college_distance_km,,Great-circle distance from the village point to the nearest college. Useful for comparing local service access; it is not travel distance.,,
2248,facilities_proximity,Facilities Proximity,l3_college_facility_uid,l3_college_facility_uid,,Identifier of the nearest college used for this village distance.,,
2249,facilities_proximity,Facilities Proximity,l3_college_inside_scope,l3_college_inside_scope,,Whether the nearest college lies within the requested area; a nearby service outside it can still be the closest.,,
2250,facilities_proximity,Facilities Proximity,l3_universities_distance_km,l3_universities_distance_km,,Great-circle distance from the village point to the nearest university-type institution. Useful for comparing local service access; it is not travel distance.,,
2251,facilities_proximity,Facilities Proximity,l3_universities_facility_uid,l3_universities_facility_uid,,Identifier of the nearest university-type institution used for this village distance.,,
2252,facilities_proximity,Facilities Proximity,l3_universities_inside_scope,l3_universities_inside_scope,,Whether the nearest university-type institution lies within the requested area; a nearby service outside it can still be the closest.,,
2253,facilities_proximity,Facilities Proximity,l2_essential_health_distance_km,l2_essential_health_distance_km,,Great-circle distance from the village point to the farthest required service among Health Sub-Centre and Primary Health Centre; lower means the full bundle is nearer.,,
2254,facilities_proximity,Facilities Proximity,l2_essential_health_selected_l3,l2_essential_health_selected_l3,,Service type that determines the essential health distance for this village.,,
2255,facilities_proximity,Facilities Proximity,l2_essential_health_selected_l3_label,l2_essential_health_selected_l3_label,,Readable name of the service type that determines the essential health distance.,,
2256,facilities_proximity,Facilities Proximity,l2_essential_health_facility_uid,l2_essential_health_facility_uid,,Identifier of the facility that determines the essential health distance.,,
2257,facilities_proximity,Facilities Proximity,l3_health_sub_cen_distance_km,l3_health_sub_cen_distance_km,,Great-circle distance from the village point to the nearest health sub-centre. Useful for comparing local service access; it is not travel distance.,,
2258,facilities_proximity,Facilities Proximity,l3_health_sub_cen_facility_uid,l3_health_sub_cen_facility_uid,,Identifier of the nearest health sub-centre used for this village distance.,,
2259,facilities_proximity,Facilities Proximity,l3_health_sub_cen_inside_scope,l3_health_sub_cen_inside_scope,,Whether the nearest health sub-centre lies within the requested area; a nearby service outside it can still be the closest.,,
2260,facilities_proximity,Facilities Proximity,l3_health_phc_distance_km,l3_health_phc_distance_km,,Great-circle distance from the village point to the nearest primary health centre. Useful for comparing local service access; it is not travel distance.,,
2261,facilities_proximity,Facilities Proximity,l3_health_phc_facility_uid,l3_health_phc_facility_uid,,Identifier of the nearest primary health centre used for this village distance.,,
2262,facilities_proximity,Facilities Proximity,l3_health_phc_inside_scope,l3_health_phc_inside_scope,,Whether the nearest primary health centre lies within the requested area; a nearby service outside it can still be the closest.,,
2263,facilities_proximity,Facilities Proximity,l2_advanced_health_distance_km,l2_advanced_health_distance_km,,"Great-circle distance from the village point to the nearest option among Community Health Centre, District Hospital and Specialist Or Tertiary Hospital; lower means one option is nearer.",,
2264,facilities_proximity,Facilities Proximity,l2_advanced_health_selected_l3,l2_advanced_health_selected_l3,,Service type that determines the advanced health distance for this village.,,
2265,facilities_proximity,Facilities Proximity,l2_advanced_health_selected_l3_label,l2_advanced_health_selected_l3_label,,Readable name of the service type that determines the advanced health distance.,,
2266,facilities_proximity,Facilities Proximity,l2_advanced_health_facility_uid,l2_advanced_health_facility_uid,,Identifier of the facility that determines the advanced health distance.,,
2267,facilities_proximity,Facilities Proximity,l3_health_chc_distance_km,l3_health_chc_distance_km,,Great-circle distance from the village point to the nearest community health centre. Useful for comparing local service access; it is not travel distance.,,
2268,facilities_proximity,Facilities Proximity,l3_health_chc_facility_uid,l3_health_chc_facility_uid,,Identifier of the nearest community health centre used for this village distance.,,
2269,facilities_proximity,Facilities Proximity,l3_health_chc_inside_scope,l3_health_chc_inside_scope,,Whether the nearest community health centre lies within the requested area; a nearby service outside it can still be the closest.,,
2270,facilities_proximity,Facilities Proximity,l3_health_dis_h_distance_km,l3_health_dis_h_distance_km,,Great-circle distance from the village point to the nearest district hospital. Useful for comparing local service access; it is not travel distance.,,
2271,facilities_proximity,Facilities Proximity,l3_health_dis_h_facility_uid,l3_health_dis_h_facility_uid,,Identifier of the nearest district hospital used for this village distance.,,
2272,facilities_proximity,Facilities Proximity,l3_health_dis_h_inside_scope,l3_health_dis_h_inside_scope,,Whether the nearest district hospital lies within the requested area; a nearby service outside it can still be the closest.,,
2273,facilities_proximity,Facilities Proximity,l3_health_s_t_h_distance_km,l3_health_s_t_h_distance_km,,Great-circle distance from the village point to the nearest specialist or tertiary hospital. Useful for comparing local service access; it is not travel distance.,,
2274,facilities_proximity,Facilities Proximity,l3_health_s_t_h_facility_uid,l3_health_s_t_h_facility_uid,,Identifier of the nearest specialist or tertiary hospital used for this village distance.,,
2275,facilities_proximity,Facilities Proximity,l3_health_s_t_h_inside_scope,l3_health_s_t_h_inside_scope,,Whether the nearest specialist or tertiary hospital lies within the requested area; a nearby service outside it can still be the closest.,,
2276,facilities_proximity,Facilities Proximity,l2_essential_services_distance_km,l2_essential_services_distance_km,,Great-circle distance from the village point to the nearest public distribution system; lower means that service is nearer.,,
2277,facilities_proximity,Facilities Proximity,l2_essential_services_selected_l3,l2_essential_services_selected_l3,,Service type that determines the essential services distance for this village.,,
2278,facilities_proximity,Facilities Proximity,l2_essential_services_selected_l3_label,l2_essential_services_selected_l3_label,,Readable name of the service type that determines the essential services distance.,,
2279,facilities_proximity,Facilities Proximity,l2_essential_services_facility_uid,l2_essential_services_facility_uid,,Identifier of the facility that determines the essential services distance.,,
2280,facilities_proximity,Facilities Proximity,l3_pds_distance_km,l3_pds_distance_km,,Great-circle distance from the village point to the nearest public distribution system. Useful for comparing local service access; it is not travel distance.,,
2281,facilities_proximity,Facilities Proximity,l3_pds_facility_uid,l3_pds_facility_uid,,Identifier of the nearest public distribution system used for this village distance.,,
2282,facilities_proximity,Facilities Proximity,l3_pds_inside_scope,l3_pds_inside_scope,,Whether the nearest public distribution system lies within the requested area; a nearby service outside it can still be the closest.,,
2283,facilities_proximity,Facilities Proximity,l2_financial_inclusion_distance_km,l2_financial_inclusion_distance_km,,"Great-circle distance from the village point to the farthest required service among Common Service Centre, Bank Mitra, Bank Branch and Bank ATM; lower means the full bundle is nearer.",,
2284,facilities_proximity,Facilities Proximity,l2_financial_inclusion_selected_l3,l2_financial_inclusion_selected_l3,,Service type that determines the financial inclusion distance for this village.,,
2285,facilities_proximity,Facilities Proximity,l2_financial_inclusion_selected_l3_label,l2_financial_inclusion_selected_l3_label,,Readable name of the service type that determines the financial inclusion distance.,,
2286,facilities_proximity,Facilities Proximity,l2_financial_inclusion_facility_uid,l2_financial_inclusion_facility_uid,,Identifier of the facility that determines the financial inclusion distance.,,
2287,facilities_proximity,Facilities Proximity,l3_csc_distance_km,l3_csc_distance_km,,Great-circle distance from the village point to the nearest common service centre. Useful for comparing local service access; it is not travel distance.,,
2288,facilities_proximity,Facilities Proximity,l3_csc_facility_uid,l3_csc_facility_uid,,Identifier of the nearest common service centre used for this village distance.,,
2289,facilities_proximity,Facilities Proximity,l3_csc_inside_scope,l3_csc_inside_scope,,Whether the nearest common service centre lies within the requested area; a nearby service outside it can still be the closest.,,
2290,facilities_proximity,Facilities Proximity,l3_bank_mitra_distance_km,l3_bank_mitra_distance_km,,Great-circle distance from the village point to the nearest bank mitra. Useful for comparing local service access; it is not travel distance.,,
2291,facilities_proximity,Facilities Proximity,l3_bank_mitra_facility_uid,l3_bank_mitra_facility_uid,,Identifier of the nearest bank mitra used for this village distance.,,
2292,facilities_proximity,Facilities Proximity,l3_bank_mitra_inside_scope,l3_bank_mitra_inside_scope,,Whether the nearest bank mitra lies within the requested area; a nearby service outside it can still be the closest.,,
2293,facilities_proximity,Facilities Proximity,l3_bank_branch_distance_km,l3_bank_branch_distance_km,,Great-circle distance from the village point to the nearest bank branch. Useful for comparing local service access; it is not travel distance.,,
2294,facilities_proximity,Facilities Proximity,l3_bank_branch_facility_uid,l3_bank_branch_facility_uid,,Identifier of the nearest bank branch used for this village distance.,,
2295,facilities_proximity,Facilities Proximity,l3_bank_branch_inside_scope,l3_bank_branch_inside_scope,,Whether the nearest bank branch lies within the requested area; a nearby service outside it can still be the closest.,,
2296,facilities_proximity,Facilities Proximity,l3_bank_atm_distance_km,l3_bank_atm_distance_km,,Great-circle distance from the village point to the nearest bank atm. Useful for comparing local service access; it is not travel distance.,,
2297,facilities_proximity,Facilities Proximity,l3_bank_atm_facility_uid,l3_bank_atm_facility_uid,,Identifier of the nearest bank atm used for this village distance.,,
2298,facilities_proximity,Facilities Proximity,l3_bank_atm_inside_scope,l3_bank_atm_inside_scope,,Whether the nearest bank atm lies within the requested area; a nearby service outside it can still be the closest.,,
2299,facilities_proximity,Facilities Proximity,l2_apmc_access_distance_km,l2_apmc_access_distance_km,,Great-circle distance from the village point to the nearest option among APMC and Agriculture Markets And Trading; lower means one option is nearer.,,
2300,facilities_proximity,Facilities Proximity,l2_apmc_access_selected_l3,l2_apmc_access_selected_l3,,Service type that determines the apmc and market distance for this village.,,
2301,facilities_proximity,Facilities Proximity,l2_apmc_access_selected_l3_label,l2_apmc_access_selected_l3_label,,Readable name of the service type that determines the apmc and market distance.,,
2302,facilities_proximity,Facilities Proximity,l2_apmc_access_facility_uid,l2_apmc_access_facility_uid,,Identifier of the facility that determines the apmc and market distance.,,
2303,facilities_proximity,Facilities Proximity,l3_apmc_distance_km,l3_apmc_distance_km,,Great-circle distance from the village point to the nearest apmc. Useful for comparing local service access; it is not travel distance.,,
2304,facilities_proximity,Facilities Proximity,l3_apmc_facility_uid,l3_apmc_facility_uid,,Identifier of the nearest apmc used for this village distance.,,
2305,facilities_proximity,Facilities Proximity,l3_apmc_inside_scope,l3_apmc_inside_scope,,Whether the nearest apmc lies within the requested area; a nearby service outside it can still be the closest.,,
2306,facilities_proximity,Facilities Proximity,l3_agri_industry_markets_trading_distance_km,l3_agri_industry_markets_trading_distance_km,,Great-circle distance from the village point to the nearest agriculture markets and trading. Useful for comparing local service access; it is not travel distance.,,
2307,facilities_proximity,Facilities Proximity,l3_agri_industry_markets_trading_facility_uid,l3_agri_industry_markets_trading_facility_uid,,Identifier of the nearest agriculture markets and trading used for this village distance.,,
2308,facilities_proximity,Facilities Proximity,l3_agri_industry_markets_trading_inside_scope,l3_agri_industry_markets_trading_inside_scope,,Whether the nearest agriculture markets and trading lies within the requested area; a nearby service outside it can still be the closest.,,
2309,facilities_proximity,Facilities Proximity,l2_post_harvest_distance_km,l2_post_harvest_distance_km,,"Great-circle distance from the village point to the nearest option among Storage And Warehousing, Distribution Utilities, Agriculture Processing and Industrial Manufacturing; lower means one option is nearer.",,
2310,facilities_proximity,Facilities Proximity,l2_post_harvest_selected_l3,l2_post_harvest_selected_l3,,Service type that determines the post-harvest infrastructure distance for this village.,,
2311,facilities_proximity,Facilities Proximity,l2_post_harvest_selected_l3_label,l2_post_harvest_selected_l3_label,,Readable name of the service type that determines the post-harvest infrastructure distance.,,
2312,facilities_proximity,Facilities Proximity,l2_post_harvest_facility_uid,l2_post_harvest_facility_uid,,Identifier of the facility that determines the post-harvest infrastructure distance.,,
2313,facilities_proximity,Facilities Proximity,l3_agri_industry_storage_warehousing_distance_km,l3_agri_industry_storage_warehousing_distance_km,,Great-circle distance from the village point to the nearest storage and warehousing. Useful for comparing local service access; it is not travel distance.,,
2314,facilities_proximity,Facilities Proximity,l3_agri_industry_storage_warehousing_facility_uid,l3_agri_industry_storage_warehousing_facility_uid,,Identifier of the nearest storage and warehousing used for this village distance.,,
2315,facilities_proximity,Facilities Proximity,l3_agri_industry_storage_warehousing_inside_scope,l3_agri_industry_storage_warehousing_inside_scope,,Whether the nearest storage and warehousing lies within the requested area; a nearby service outside it can still be the closest.,,
2316,facilities_proximity,Facilities Proximity,l3_agri_industry_distribution_utilities_distance_km,l3_agri_industry_distribution_utilities_distance_km,,Great-circle distance from the village point to the nearest distribution utilities. Useful for comparing local service access; it is not travel distance.,,
2317,facilities_proximity,Facilities Proximity,l3_agri_industry_distribution_utilities_facility_uid,l3_agri_industry_distribution_utilities_facility_uid,,Identifier of the nearest distribution utilities used for this village distance.,,
2318,facilities_proximity,Facilities Proximity,l3_agri_industry_distribution_utilities_inside_scope,l3_agri_industry_distribution_utilities_inside_scope,,Whether the nearest distribution utilities lies within the requested area; a nearby service outside it can still be the closest.,,
2319,facilities_proximity,Facilities Proximity,l3_agri_industry_agri_processing_distance_km,l3_agri_industry_agri_processing_distance_km,,Great-circle distance from the village point to the nearest agriculture processing. Useful for comparing local service access; it is not travel distance.,,
2320,facilities_proximity,Facilities Proximity,l3_agri_industry_agri_processing_facility_uid,l3_agri_industry_agri_processing_facility_uid,,Identifier of the nearest agriculture processing used for this village distance.,,
2321,facilities_proximity,Facilities Proximity,l3_agri_industry_agri_processing_inside_scope,l3_agri_industry_agri_processing_inside_scope,,Whether the nearest agriculture processing lies within the requested area; a nearby service outside it can still be the closest.,,
2322,facilities_proximity,Facilities Proximity,l3_agri_industry_industrial_manufacturing_distance_km,l3_agri_industry_industrial_manufacturing_distance_km,,Great-circle distance from the village point to the nearest industrial manufacturing. Useful for comparing local service access; it is not travel distance.,,
2323,facilities_proximity,Facilities Proximity,l3_agri_industry_industrial_manufacturing_facility_uid,l3_agri_industry_industrial_manufacturing_facility_uid,,Identifier of the nearest industrial manufacturing used for this village distance.,,
2324,facilities_proximity,Facilities Proximity,l3_agri_industry_industrial_manufacturing_inside_scope,l3_agri_industry_industrial_manufacturing_inside_scope,,Whether the nearest industrial manufacturing lies within the requested area; a nearby service outside it can still be the closest.,,
2325,facilities_proximity,Facilities Proximity,l2_cooperative_distance_km,l2_cooperative_distance_km,,Great-circle distance from the village point to the nearest cooperatives and societies; lower means that service is nearer.,,
2326,facilities_proximity,Facilities Proximity,l2_cooperative_selected_l3,l2_cooperative_selected_l3,,Service type that determines the cooperative distance for this village.,,
2327,facilities_proximity,Facilities Proximity,l2_cooperative_selected_l3_label,l2_cooperative_selected_l3_label,,Readable name of the service type that determines the cooperative distance.,,
2328,facilities_proximity,Facilities Proximity,l2_cooperative_facility_uid,l2_cooperative_facility_uid,,Identifier of the facility that determines the cooperative distance.,,
2329,facilities_proximity,Facilities Proximity,l3_agri_industry_co_operatives_societies_distance_km,l3_agri_industry_co_operatives_societies_distance_km,,Great-circle distance from the village point to the nearest cooperatives and societies. Useful for comparing local service access; it is not travel distance.,,
2330,facilities_proximity,Facilities Proximity,l3_agri_industry_co_operatives_societies_facility_uid,l3_agri_industry_co_operatives_societies_facility_uid,,Identifier of the nearest cooperatives and societies used for this village distance.,,
2331,facilities_proximity,Facilities Proximity,l3_agri_industry_co_operatives_societies_inside_scope,l3_agri_industry_co_operatives_societies_inside_scope,,Whether the nearest cooperatives and societies lies within the requested area; a nearby service outside it can still be the closest.,,
2332,facilities_proximity,Facilities Proximity,l2_livestock_distance_km,l2_livestock_distance_km,,Great-circle distance from the village point to the nearest dairy and animal husbandry; lower means that service is nearer.,,
2333,facilities_proximity,Facilities Proximity,l2_livestock_selected_l3,l2_livestock_selected_l3,,Service type that determines the livestock support distance for this village.,,
2334,facilities_proximity,Facilities Proximity,l2_livestock_selected_l3_label,l2_livestock_selected_l3_label,,Readable name of the service type that determines the livestock support distance.,,
2335,facilities_proximity,Facilities Proximity,l2_livestock_facility_uid,l2_livestock_facility_uid,,Identifier of the facility that determines the livestock support distance.,,
2336,facilities_proximity,Facilities Proximity,l3_agri_industry_dairy_animal_husbandry_distance_km,l3_agri_industry_dairy_animal_husbandry_distance_km,,Great-circle distance from the village point to the nearest dairy and animal husbandry. Useful for comparing local service access; it is not travel distance.,,
2337,facilities_proximity,Facilities Proximity,l3_agri_industry_dairy_animal_husbandry_facility_uid,l3_agri_industry_dairy_animal_husbandry_facility_uid,,Identifier of the nearest dairy and animal husbandry used for this village distance.,,
2338,facilities_proximity,Facilities Proximity,l3_agri_industry_dairy_animal_husbandry_inside_scope,l3_agri_industry_dairy_animal_husbandry_inside_scope,,Whether the nearest dairy and animal husbandry lies within the requested area; a nearby service outside it can still be the closest.,,
2339,facilities_proximity,Facilities Proximity,l2_agri_support_infra_distance_km,l2_agri_support_infra_distance_km,,Great-circle distance from the village point to the nearest agriculture support infrastructure; lower means that service is nearer.,,
2340,facilities_proximity,Facilities Proximity,l2_agri_support_infra_selected_l3,l2_agri_support_infra_selected_l3,,Service type that determines the agriculture support infrastructure distance for this village.,,
2341,facilities_proximity,Facilities Proximity,l2_agri_support_infra_selected_l3_label,l2_agri_support_infra_selected_l3_label,,Readable name of the service type that determines the agriculture support infrastructure distance.,,
2342,facilities_proximity,Facilities Proximity,l2_agri_support_infra_facility_uid,l2_agri_support_infra_facility_uid,,Identifier of the facility that determines the agriculture support infrastructure distance.,,
2343,facilities_proximity,Facilities Proximity,l3_agri_industry_agri_support_infrastructure_distance_km,l3_agri_industry_agri_support_infrastructure_distance_km,,Great-circle distance from the village point to the nearest agriculture support infrastructure. Useful for comparing local service access; it is not travel distance.,,
2344,facilities_proximity,Facilities Proximity,l3_agri_industry_agri_support_infrastructure_facility_uid,l3_agri_industry_agri_support_infrastructure_facility_uid,,Identifier of the nearest agriculture support infrastructure used for this village distance.,,
2345,facilities_proximity,Facilities Proximity,l3_agri_industry_agri_support_infrastructure_inside_scope,l3_agri_industry_agri_support_infrastructure_inside_scope,,Whether the nearest agriculture support infrastructure lies within the requested area; a nearby service outside it can still be the closest.,,
2346,facilities_proximity,Facilities Proximity,facilities_layer_kind,facilities_layer_kind,,,,
2347,facilities_proximity,Facilities Proximity,title,title,,,,
2349,livestocks,cs_village_livestock_census_20,index,index,,Row index,,
2350,livestocks,cs_village_livestock_census_20,state_id,state_id,,Census 2011 State ID,,
2351,livestocks,cs_village_livestock_census_20,district_id,district_id,,Census 2011 District ID,,
2352,livestocks,cs_village_livestock_census_20,tehsil_id,tehsil_id,,Census 2011 sub-district ID,,
2353,livestocks,cs_village_livestock_census_20,village_id,village_id,,Census 2011 Village ID,,
2354,livestocks,cs_village_livestock_census_20,state_name,state_name,,State name,,
2355,livestocks,cs_village_livestock_census_20,district_name,district_name,,District name,,
2356,livestocks,cs_village_livestock_census_20,tehsil_name,tehsil_name,,Tehsil name,,
2357,livestocks,cs_village_livestock_census_20,village_name,village_name,,Village Name,,
2358,livestocks,cs_village_livestock_census_20,livestock_status,livestock_status,,"Village data availability: matched, no village id available, no data available for this village",,
2359,livestocks,cs_village_livestock_census_20,all_livestock_total,all_livestock_total,,"Livestocks (Cattles, Buffalo, Sheeps, Goats, Pigs) count",,
2360,livestocks,cs_village_livestock_census_20,large_animals_total,large_animals_total,,"Large Animals (Cattles, Buffalo) count.",,
2361,livestocks,cs_village_livestock_census_20,cattle_total,cattle_total,,Cattles count,,
2362,livestocks,cs_village_livestock_census_20,cattle_female,cattle_female,,Female Cattle count,,
2363,livestocks,cs_village_livestock_census_20,cattle_male,cattle_male,,Male Cattle count,,
2364,livestocks,cs_village_livestock_census_20,buffalo_total,buffalo_total,,Buffalos count,,
2365,livestocks,cs_village_livestock_census_20,buffalo_female,buffalo_female,,Female Buffalo count,,
2366,livestocks,cs_village_livestock_census_20,buffalo_male,buffalo_male,,Male Buffalo count,,
2367,livestocks,cs_village_livestock_census_20,small_animals_total,small_animals_total,,"Small Animals (Sheeps, Goats, Pigs) count",,
2368,livestocks,cs_village_livestock_census_20,sheep_total,sheep_total,,Sheeps count,,
2369,livestocks,cs_village_livestock_census_20,sheep_female,sheep_female,,Female Sheep count,,
2370,livestocks,cs_village_livestock_census_20,sheep_male,sheep_male,,Male Sheep count,,
2371,livestocks,cs_village_livestock_census_20,goat_total,goat_total,,Goats count,,
2372,livestocks,cs_village_livestock_census_20,goat_female,goat_female,,Female Goat count,,
2373,livestocks,cs_village_livestock_census_20,goat_male,goat_male,,Male Goat count,,
2374,livestocks,cs_village_livestock_census_20,pig_total,pig_total,,Pigs Count,,
2375,livestocks,cs_village_livestock_census_20,pig_female,pig_female,,Female Pig count,,
2376,livestocks,cs_village_livestock_census_20,pig_male,pig_male,,Male Pig count,,
2377,livestocks,cs_village_livestock_census_20,FID,fid,,Feature identifier,,